x1,x2,x3,x4,x5,x6,y
-0.5904392206391944,-0.6034293086835801,-0.4614884406536556,-0.3715041215059608,1.0,0.02209543324700014,1.612776952132652
-0.5087272812232133,-0.8027043040598313,-1.0,-0.7993842167761611,-1.0,-1.0,2.9554148298025553
-0.17711996255324206,0.10274976265751279,-1.0,-0.6302472988809035,0.021895861385616833,0.8481148115498862,5.704151400518255
1.0,1.0,0.9470300947157386,1.0,1.0,0.4991793322687977,-8.782202065617957
-0.8912431382979282,-1.0,-0.5920187063719402,0.14515255639604008,0.36210127843505857,0.5591772161660311,-1.2936468422556944
1.0,1.0,0.32018480908563474,0.9972694930896118,0.9389961120583453,0.960283883732139,-2.2599134651211727
0.02197967364429944,0.612821587266489,-0.3742358091905291,-0.9414480673798191,-0.17614982353075942,0.09669536825296632,0.9019035487455754
-1.0,0.9216639697132782,-1.0,0.14011760884504743,-1.0,0.42172872951418566,2.8554015235489927
-1.0,-0.5983809338587494,-1.0,-0.28293962834541087,-0.11792401347378978,0.5511267885151045,-1.2779985101611777
-0.912045312878105,-0.3239446080669869,-0.3570004107567052,0.08231736329774648,0.02773570398101105,1.0,2.1497897569734015
-0.946068149083527,-0.30507877361035346,-1.0,0.5638743498908722,-0.9850645108484072,0.8611027850579832,2.1302907682544143
-0.7987758160538696,-1.0,-1.0,-1.0,0.24741239795078385,1.0,-2.3001827602924565
-0.26480652939315963,1.0,1.0,1.0,-1.0,-0.6041418453368218,-0.06857742567218816
-1.0,-1.0,-0.25541218918791553,-0.24435262764324817,-1.0,-0.23845493202892687,-2.8902569451448534
-0.08294980910116057,0.04931613908911303,-0.05488282383535323,0.7968320217405133,-0.6773790972323667,-1.0,2.864590379344802
-1.0,-0.7358858204785903,-0.14553636223891475,-1.0,-1.0,-1.0,4.508712349825197
-0.12831377577724323,-0.7234669490423528,0.5181227858610365,0.3336519010422527,-1.0,-0.905208955388022,2.8933795380688356
0.6113287614062246,0.9553102629613686,0.5040331435270642,0.549069169087506,1.0,1.0,1.24934868706219
-1.0,-0.4627990511268661,-1.0,-0.4580416064707993,1.0,1.0,6.7747297128098625
-0.38722005755416744,0.3523984322839957,-0.020086378437729646,-0.6351455092395843,0.6518212140469666,1.0,4.145776129659288
-0.011340320570140727,-0.055116552528776785,-1.0,-0.7415561878699509,-0.5991587445216185,-0.5526137608530168,0.4272302053948056
-0.48185354573403005,0.004322628599436995,-1.0,-0.24147830749184318,0.010373333712174304,-0.11120039496134781,0.03794465575567721
1.0,0.8287107686802198,1.0,0.2830518242325416,1.0,0.5867839875706551,-5.727998151785739
-0.6432394293496195,-0.682821512985708,-1.0,-0.6248792840422854,-1.0,-1.0,3.0746231344744235
0.3023181406267521,-0.39900930422391845,-1.0,-0.05401173862149078,0.3450552336672522,1.0,4.803881836669108
0.30647484069737185,0.15149032390910666,-0.6877133410855736,-0.7700453520684765,-0.45137128725034603,0.39378424900097375,1.4168809493510155
1.0,-0.5253194054477133,0.9950062886951312,-0.6193916674336448,-0.24434829069602892,0.6577302999383607,0.07087103437973152
-0.5347462792556897,0.699257909067022,0.6582271485764678,0.3069147694400531,-0.6805882347461042,-0.6016271251980594,-1.4416210386909962
-0.6552987067297407,-0.34695621000031684,-0.9883441582984839,-0.3998352342147832,0.49143405129373274,0.7081438406401515,3.038640200685094
-0.2923516508700228,-1.0,-0.919253657326051,-1.0,0.04678060305381755,0.8063927267473755,-2.8910445458336773
0.22332070914884355,0.3743813070027104,1.0,0.6764803650945268,0.5104085933838487,1.0,-2.4359824550846847
0.5859772858335754,1.0,-0.3723595121020715,1.0,-0.7826021884499713,-0.36504425806316665,5.4842818824507145
0.05543682339095185,-1.0,-0.5160536829703171,-1.0,-1.0,-1.0,8.221817900981403
0.7044697515034082,1.0,0.8621817547410964,-0.4945093295342633,1.0,-1.0,-2.7966426309447696
-0.123526240800098,0.7875986146855543,1.0,1.0,-0.33357688067486424,-0.3974409125291609,-1.5100367670722572
1.0,0.5745968451690115,0.6464060436720795,0.028803669025046608,-0.27805272621681665,-0.5095736104345077,1.1861802003358886
-0.9743071645867887,0.09388290355582651,1.0,0.31616626076402543,-0.4292298853285665,0.2936135870886313,-1.694910409880491
0.2464045201989331,-0.4948129650175793,-1.0,-0.15206302936134053,-1.0,-1.0,2.6693283627523416
-0.043255613252406816,-0.28648148303827575,0.5344027068400434,-0.61885243208012,0.5888435862557682,0.057371781455035076,-0.11211770729946341
-0.8841178779323555,-1.0,-0.5863831071444416,-0.40863522929403107,-1.0,-0.05666032377114161,-2.289561244399349
0.301701793166381,-0.7216038782008927,0.03375760242912901,1.0,0.9945075570285125,0.21581787433027277,-0.4534285415776804
1.0,0.8558498310807217,1.0,1.0,0.014231761935538434,0.8599171967344799,-4.445111151366922
0.5786758130380512,1.0,0.27217586679847994,1.0,-0.03923497869055337,-0.14081715138024042,-0.2758589121415183
-0.08570878783857117,-1.0,-1.0,-0.9949676409015803,-0.1817721977665583,-1.0,3.4977572011415377
1.0,1.0,0.4975081444613807,1.0,-0.7117603585527105,1.0,4.282967405561722
0.09279254081946575,-0.6449121751318879,1.0,-0.71482089835608,-1.0,-0.6971355491714681,3.7425552923952186
-1.0,-0.07696907199830205,-1.0,-1.0,0.39571133777372736,-0.27080969101476793,-1.1177251076438726
-0.6431011466499473,-1.0,-0.19421146496234143,-0.22170042866931672,0.8097490285860649,-0.5536627974036107,2.537732266019462
1.0,0.29846413406668226,1.0,1.0,-1.0,-0.5617584234653237,6.16374114868009
-0.7735507047277532,-0.2915276291272846,-0.2949023670872697,-0.4616949250408222,-0.026704254451492937,0.9871803054099555,2.774709612537441
-0.012971528987925862,-1.0,-0.9593813230648204,-1.0,-1.0,-0.8216155835235996,5.505638853313527
-0.04944291907083462,0.2918202783506445,-0.6821743409819587,0.2235485901131204,-0.8995997485573555,-0.930683715311964,-0.26538690357203176
-0.23853015036073066,-0.3520802019538072,0.9202099682067677,-0.4838322395301553,1.0,0.2319002851377565,-0.36585853957991143
0.13802953849332145,-0.08321278623017381,-0.3616476507746922,-0.45250253139310537,1.0,0.1746792786076513,0.10414500765456972
0.9378553500994091,1.0,1.0,0.31610312295336307,1.0,1.0,-6.454748936186059
-1.0,-1.0,-0.8521185784315545,-1.0,0.7146644033430192,0.30518078282958216,-6.250016566230774
0.36457377857355955,1.0,1.0,0.7208076590073099,1.0,1.0,-5.057514111384412
0.06379095807730184,-0.6219737672678817,-1.0,-0.03206991371978779,0.3188466553415097,-1.0,3.4376749085910903
0.3980569343607,0.037788779111499776,0.30729276114429616,-1.0,0.7490124620125465,0.5987043042293951,0.5871046884042632
0.46942793173508934,0.17958337487952172,0.16686905952708375,1.0,-0.19546685320513146,1.0,3.243473715973345
-0.6466746762123851,0.7948558672773947,0.7721998239212196,-1.0,-1.0,1.0,1.858367109096794
0.44990175306336133,0.7276801283928054,0.6814882742135371,1.0,0.546006265671255,-1.0,0.5555355478813925
0.6769419106663035,1.0,0.46160448207795224,0.4028298360169704,-1.0,0.25884132909632246,1.3628219683808034
-0.6985098883382432,-0.6176442004613503,-0.1262908489959987,0.11328594467731135,-0.6944494432815465,-0.4402388016855081,-0.16154464770282206
-0.849218127504171,-0.5696634514832566,-0.30132079354290986,-1.0,0.6037871869795395,0.6996521428110424,0.6071992857578736
0.63614478583588,-0.3667425267776552,0.18873180658363503,0.001480957136568456,-1.0,-0.5715916722221153,3.8248171082044076
0.12692036225864564,-0.4506990373680744,0.1273262504599071,0.7391727432635642,0.6356622815605071,0.884137356849897,2.1325359655533633
0.20851043091844224,1.0,0.5442706757622353,1.0,-0.9962263404249083,1.0,2.636643205525129
-0.7717844832667882,-0.23692685913722944,-0.13488319594962117,-0.7793049661263869,0.5078869805369326,0.08931066974556606,1.5891331309016468
0.24852880770414293,-1.0,-0.5833877805375813,-0.28094475520940065,-0.44511419100036786,0.23309426510750178,0.011695325021762626
1.0,0.464946680338918,1.0,1.0,0.9350453159254928,1.0,-6.5096397624635145
-0.29189305389239395,0.22262826216694354,-0.618908721961196,-1.0,0.7683228204033297,1.0,7.209512146892089
-1.0,-0.8893118071692672,-0.6823188732304707,-0.5084808337870508,1.0,-0.11995716243970864,-0.23735963709303443
-0.05433468277869635,0.5014732490425532,0.3246108370737253,0.1539537760552695,1.0,1.0,4.374486339997903
-0.6189466781933382,0.728857420758656,1.0,1.0,-0.7402135167905672,0.5227128061743763,-4.205523621940411
0.25577129780253494,-0.0007287415254235707,-1.0,-0.22966074630766176,0.2503136871726233,0.18038120157227372,0.7078052611748183
0.9792079457024331,0.5251827899919401,1.0,0.5734550208008018,-0.5372088482536944,0.1884690198433837,0.9955783087115498
1.0,-0.8174398632538429,0.036415678592516154,-0.07596489419953517,-0.5237488939754829,0.47411631273951993,1.4425334837482278
0.747166225743215,-1.0,-0.9120509238405374,0.2823459437666068,0.5057100691031353,1.0,-0.25166150631947526
-0.1664697577901535,-0.6113432943151969,-0.9555126215923979,-1.0,-1.0,0.8778355215482139,5.130434308423892
-0.3671675357788932,0.07150232768193937,-0.4514882782940694,-0.43273524793293805,-1.0,-1.0,-0.41984709653173885
-1.0,-1.0,-1.0,0.12379321536880583,1.0,1.0,3.9636955653458754
0.25316971326586457,0.8624029276650822,0.7944221645242796,1.0,0.5552579856512252,0.4549920079170724,-4.544285180013579
1.0,0.004435405005837723,0.8149597081248869,0.2148145099789447,0.19967279721447895,-0.5564395202511727,1.1499763990537928
-0.04475787717977664,-0.032042881809793755,-1.0,-0.794586944443221,0.6410949828200017,1.0,6.848748507156988
0.2780662257171619,-0.6394212926795888,0.366629528347695,-0.6330951960800104,-0.32456663681813813,1.0,2.4966924259192007
0.4709801909283755,1.0,1.0,0.3800197241379486,0.6694089168453794,0.8243369542623984,-4.1546275984031364
-1.0,-0.5011836550863855,-1.0,0.48198885078878434,0.07024798527820045,0.488492020459959,-1.2421539291364572
-1.0,-1.0,-1.0,-0.5491741442665896,-1.0,-0.213595004465151,-5.007924911265071
0.9728039501223669,0.6709859654079411,0.16501327815989253,1.0,1.0,1.0,-0.3978861412720234
-1.0,-1.0,-1.0,0.7477280736815317,0.9372559812692205,1.0,3.345934417803198
-0.8129217466062781,-0.9476865030558466,-0.18031149372470856,-0.628101261957906,1.0,1.0,3.3049967769674318
0.6660787838093489,0.5407203627074233,-1.0,0.22576976075242094,-1.0,-0.8975760471239831,3.22694384069563
-1.0,-1.0,-0.9573393128594541,0.18099743568187293,0.9554301832239789,0.13268377772065887,-3.3298033857748273
0.41650665454664637,0.24001288386543995,0.6616163022160579,-0.12606871393570412,0.380310241202757,-0.06420133076513462,-0.28525791298432024
-0.1307640762438529,-0.3598516235539655,0.61924441051385,-1.0,-1.0,-0.018876829555387165,1.1522903836168445
-1.0,-0.8060960331087067,-0.758107606916721,-1.0,-1.0,-0.9844286524850354,4.28110105892558
0.4356222530324913,0.5754937162335394,1.0,0.26765480184998636,0.9560281342368562,0.5963662095948838,-3.1716013992837593
-1.0,-1.0,-1.0,-0.6405439748820507,1.0,-0.10822927046432537,-6.625546508359737
-0.48033542245501604,1.0,0.4320196340281728,0.07959123848616251,1.0,1.0,4.53532986703667
0.5175445540454652,-0.20719368933693327,-0.08922902597173099,-1.0,-0.5498482410849279,0.284438448762735,1.4908147244505199
-1.0,-1.0,0.004013683718476213,-1.0,-1.0,-1.0,5.119408229045377
-0.8824095172700044,-1.0,-0.285574351830887,-0.8667488101369631,-0.12229024579127779,0.3665367152487485,-2.7020320328755907
0.5114804005763781,0.22586201169638964,0.8446973685865486,-0.49495021997983984,0.511204487913973,0.100926089002076,-1.5259756344265023
0.8088738170424541,0.7000435897810205,-0.32118086019027936,0.736428394972632,-0.33779137483237864,-0.5503803304939213,2.918836748330813
1.0,0.649803262055231,1.0,0.8531160843088901,0.9210833178667408,1.0,-7.418370276782991
-1.0,-0.8458980137433199,-1.0,-0.10033553895091746,-1.0,-0.5947757856894741,-3.480944524464463
0.5696066923146732,1.0,-0.5696565904183588,0.6310084857497895,-0.8161680829201464,1.0,8.550198737415823
1.0,1.0,1.0,1.0,-0.8931464805145914,0.7579364625956326,1.029252491090823
0.995782432384504,0.4869509370422591,1.0,-0.14722043647746486,-0.10718229445379865,-0.38325940526463365,1.7354628644487466
1.0,0.3167078301912454,-0.047842747079543835,0.29552322345012605,-0.9678234256509749,-1.0,6.921443712701734
0.3325218646466579,0.8753256660484134,0.9741295985593749,1.0,-0.34970897517054633,-0.6501305372684304,0.23508699414995488
0.4030916562369883,-1.0,0.4357516409680396,-0.9921953318356735,-1.0,-0.7608339593481412,12.97158102268297
-0.056787351248128615,-0.1322186573039495,-1.0,-0.055295756564000376,0.13514361883763448,1.0,6.862853015983813
-0.3755661827120037,-0.7583562912806608,-0.7828715691926806,0.6326703967615395,-0.00864780931287834,-1.0,0.9970436600027074
1.0,0.8369661161190636,-0.6858371376742671,-0.634775901868193,-0.8413106840345046,0.5544765329880685,7.993119391783628
1.0,1.0,0.934700709097222,1.0,-0.4278638322571682,-0.06823367147126544,1.5721032025743318
0.642513677272684,0.7165202310227883,1.0,-0.7144169873136732,-1.0,1.0,3.20877970209189
0.10470548826970066,0.4672420737897407,-0.7153620749425644,0.42138918497984706,-1.0,-1.0,1.5117755171815772
0.5964132008803756,1.0,0.4293720669821002,0.29525902021734596,-0.4080789982266715,-0.5114186732577533,0.29264993487299357
1.0,0.5035268514780555,0.25976982585791186,0.05656947864512807,0.13383097227202229,0.24252407445418067,0.1966556739610814
-0.5942054470737062,0.8434243877798671,0.11226774767000447,-0.08491779632192897,-0.7144075891288069,0.977558414092799,2.154376889447799
-0.15344810079265914,-1.0,-0.7824670991913736,-0.09163390522043913,-0.48778917592077264,0.1387861042886533,-1.7482409952708724
0.7030644974217446,0.1265895622914145,-0.9569886283994423,-0.5939305932195524,-1.0,-0.5952190968630249,2.2125950524288363
-0.8862487111620998,-0.30899864957833023,-1.0,-0.24656628020298577,-0.7812553259818183,-0.6075167235589953,-0.7619102389087696
0.14587219328029627,-0.9241690514308701,-0.2948913874751156,0.19567805670814892,-1.0,0.7686609576888128,2.1427002569615183
-0.3689195674715453,-0.10598059125467829,-0.03632314319586949,-1.0,0.068007623585282,0.5705406895400853,-0.015356352771713155
-0.18735413166313308,-1.0,-0.44979085633785787,-0.7789352256603652,0.639825168796362,0.652297115785575,-1.4500527972015038
0.9356480203981716,1.0,-0.8540293242075182,1.0,-0.17685741509624497,0.9390389843023129,5.831456623490931
1.0,1.0,-0.6457207824995215,0.9898557254225631,0.3263305551593939,-1.0,3.0309671933685722
0.18292769784454388,0.6205612354800514,1.0,1.0,-0.7858818849694259,-0.7786149998661579,1.3583278041703406
-0.5898869528673378,-0.030710645759051025,0.7073217156569818,-0.6912142247511197,0.20690739389166102,-0.4273159926068215,1.168776529703058
-1.0,-1.0,-0.9292926314637827,0.3233297885557486,0.39101727269982056,1.0,3.913608072805385
0.12747453682762236,-0.06992562660624008,0.8874346722648232,0.6653904857903632,-1.0,-1.0,1.951706533381293
1.0,1.0,-1.0,-0.8660261064921524,0.3497427153607605,-1.0,-0.4385581067246356
0.3032198382959491,-0.09558537014915552,0.057899821784396066,-1.0,-0.06643450597335576,-1.0,4.211777192906458
0.44252417402082317,-1.0,0.5328513694023486,0.5122548274486945,1.0,0.6170871239540188,0.2488240305398508
-0.8948645825434582,-1.0,0.8028995697866264,-0.783419282711254,0.906311800179124,0.4449619846605668,1.124577627833277
0.508613421583045,0.40517837463810036,-1.0,1.0,-0.22511633720863372,-0.5982807004604797,-0.15983996953760282
1.0,1.0,0.7315102709226555,1.0,0.7159554402556034,-0.2950181498183088,-3.3203830913907413
-0.03781010972166682,0.15498584173616126,-0.8684141164343959,-0.1189551384491932,1.0,0.48898800308449886,1.0566255924931374
1.0,0.6648512687001502,-0.13955759816299718,0.5371509735688368,-0.057317610271273356,-0.6406621976226685,1.2305688365241687
0.5199802711242315,0.7002392383261109,0.8259162330277097,-0.1056421204864243,-0.798635837230267,-0.3384098944933547,0.6424758928552664
-1.0,-1.0,-1.0,-1.0,0.0433048510618812,-0.34301275506991025,-5.28946483401549
1.0,1.0,-0.45302072876004806,0.9778314226083729,-0.73931894603298,0.7596432879780219,7.702854636985872
-0.9367843342747455,-1.0,-0.7035825353092587,-1.0,-0.6793501313576051,-0.22497747815456848,-2.3112615456615817
0.06638706394674809,1.0,1.0,1.0,0.6337322428199064,0.7301777904273756,-6.711674724221753
-0.54034546558207,0.2562436180451323,-0.9233440871147904,-0.939698975531378,-0.07309188148530599,0.12514051308794896,-2.009447505353191
-0.870751362381883,0.6907178160094796,0.2733587441221686,0.7036566253996611,1.0,1.0,4.82246986620866
-0.008788382506370818,-0.12203089231950792,0.5211215354945917,-0.5482464229544449,-1.0,-1.0,2.5579105783870553
0.3417717398982971,0.98933481861659,0.6003050445135234,0.11849232737484816,1.0,0.443551109272885,-0.9777341455931914
0.3461069827226686,1.0,1.0,1.0,-0.3183703618727683,1.0,-4.671395215550752
1.0,0.20318098993692946,0.33671626412561234,1.0,-0.48486175351052674,-0.8767114175271975,6.575239822284503
-1.0,-1.0,0.249164345195533,-1.0,0.21353140081015587,-0.44371356368784,1.3301781976310918
-0.1545323296134059,-0.031035172184211146,-0.6646858635247859,-0.703905506815551,0.08540499113374977,1.0,5.225118959951782
-0.6415432455371827,-0.09109235784186986,-0.889482154160832,0.9303890234109482,-0.7686628908721378,-0.9399122137366636,0.7258560371015845
-0.3097456344298748,-1.0,-0.5469923700695405,-1.0,1.0,-0.9682222187931053,4.568116031079213
0.2934743509458182,1.0,1.0,1.0,-1.0,-0.7528231038564402,1.7549733922342232
0.29902793735381916,-0.19183542995045044,-0.2639964941824251,-0.478692450531203,-0.5528605161953677,-0.24460396693616915,0.8742793100029065
1.0,1.0,1.0,0.8019543641524056,0.38412088932224864,-0.3800308813040921,-2.622655124374563
-1.0,-0.8779571840609434,-1.0,-0.08714821561557329,0.5478391739818158,0.9060537941700997,2.856335573464261
0.10737215309482795,0.008617113069960824,0.3941809646247001,1.0,-0.009127315618118748,-0.23144126645584684,0.1973907135513378
-0.0773350093253432,-1.0,-1.0,-1.0,-0.6517035323443731,0.12835288141494217,-2.246464174665311
-0.9374656404336139,-0.015683392101866866,-0.34939854100411494,-0.047594747384436475,0.17426882318881987,0.4734515017810472,0.9928160451381045
-1.0,-0.5220030942660568,1.0,-0.1297491532231364,0.06063717905526306,0.2820846572217357,-0.8113535658642276
-1.0,-0.7836038605650846,-0.8506013663972203,-1.0,0.40977545601121323,-1.0,3.8488860189594405
-0.9035305644801526,-1.0,-0.9603610131044037,-1.0,0.8911532683674233,0.4869943676410807,-5.402059776894637
1.0,1.0,1.0,1.0,-0.1027216876635133,-0.6523003491706016,0.668984394246507
-1.0,-1.0,-0.12027459317454814,-0.6633400945264749,-0.2410565676375968,0.2946060731282869,-1.443275386624291
-0.5674095144922066,0.8154419165435576,0.9686335853143758,0.44196445781682764,1.0,1.0,-0.1614026442533415
-1.0,-0.6306101576794334,-1.0,-1.0,-0.05612833346072915,-0.36065712132366995,-2.4696188687601652
-0.316917716864224,-1.0,-1.0,-1.0,-0.13909243558685525,1.0,-0.20047231308230007
0.8469062092341609,0.5702874010883106,-0.41181347089319154,-1.0,0.28395814324513724,1.0,4.449733644313663
-1.0,-1.0,-0.22049956407500315,-1.0,-1.0,0.9152681071621154,0.26416790830078984
-0.5563231980077015,-0.2677771692061117,-0.9880578205513313,-0.3488952235932916,1.0,0.1661982991766966,-0.8376541104697656
-0.12523921320841042,-1.0,0.4461058657640398,-1.0,-0.015430762408934595,-1.0,7.324030384807412
0.026048661777631654,-0.2698018673560294,0.08945111485538004,0.6240300328123563,-0.3846291190838018,0.045997655473934085,-0.2595510675401479
-0.6919581399113401,1.0,-0.4582347732262774,1.0,-1.0,-1.0,3.0024013334351314
-0.4295374556363214,-0.36361287229634587,-0.6686580604772417,-1.0,0.025668770647685118,0.00038203147888127287,-0.5676412029494593
1.0,0.10124372196345743,0.8605348698940772,1.0,1.0,-0.42083683839104424,-3.4835239983452526
1.0,0.8575930001885539,0.519009619210522,1.0,-0.31507843848429384,0.011630541760590862,1.263036687119218
0.6983040231557582,0.43214174765982666,1.0,1.0,0.983871786296215,0.5947743029520605,-5.25319220862303
-0.09505302146224648,-0.08291095148090544,-0.40411445443213356,-0.5577178835142662,-0.24154441191974108,0.7473922339198746,2.026533013482817
-0.7714250884920358,-0.19735494243561347,0.8892451549885542,0.4335722278689341,-0.0548565979944321,-0.15226063446621366,-0.46247055938209564
1.0,1.0,0.46459163016720595,1.0,-0.044606333100129125,-1.0,6.065165832256997
0.5936604656087368,-0.3570605555987979,1.0,0.7335730753927199,0.2974426288026741,1.0,-2.6891478068456283
-0.4799265969256977,-0.7546216043206999,-0.37876630088968855,-0.05132016858925126,-1.0,-0.5083295024540241,-0.35722458655773254
-0.11427743216865321,-1.0,-0.0785110423374418,-0.876856365246129,0.2759566967346665,1.0,-0.9350417423160983
0.6075522896239895,1.0,-0.35675958010526976,0.10770214726821925,-0.5901644069336429,-0.5440623663170457,1.6550401345835157
1.0,0.9767539968719958,1.0,1.0,0.9679113639356792,0.3301889255718799,-9.541149273849266
1.0,-0.13482024242534651,1.0,-0.214761910673405,0.23504637343327606,-0.23647991947374936,0.2797590143323438
1.0,1.0,0.04821297185896145,0.5161508937806891,0.3191347663268009,-0.3159118356926027,0.11277441326489013
0.5041716004050225,-0.289328690799222,-0.6676909739713093,-0.0008842248843222711,0.2525324677971275,-0.6657315167654323,0.5545589561349804
-0.0555272055224898,0.36349922514753985,1.0,0.5519810275614235,-0.8707054978449024,-0.43986464738218856,-0.40861170480733067
1.0,0.7881541532786915,0.7774984780197183,1.0,-0.48483989041675524,-0.22777873909581636,2.084100110407855
0.48209159318354927,0.3818200989562044,0.3043472835915595,-0.5902486957528428,0.38653181296027667,0.13071141560940155,-0.6766347935303505
0.776056872305235,1.0,1.0,1.0,-0.4897358715998614,-0.747999960187798,2.5004482596736874
0.11857597405801557,0.6449979269004407,-0.2336059974606871,1.0,-1.0,0.3531963330873209,2.0269165605286115
0.21940075341479448,1.0,-0.1835472466388559,0.16865427579957326,0.6640963502578933,0.5320202559099625,1.8889996855158555
-0.571227473943745,-0.9562760178561266,-0.663755898889693,0.673726267404624,-1.0,-0.4350360648348721,-2.8149620268030495
0.20938413960359492,1.0,1.0,1.0,-0.02632722022506917,-0.32893169325195193,-2.7185610097670874
1.0,1.0,1.0,0.5476045364340354,-0.28310191794000866,-0.48748569690084814,0.9932499446803376
0.38825740044469037,0.28137595875544275,1.0,1.0,0.6322284531092899,-1.0,-0.9058435728093615
0.3350996101664315,-0.8841395312738721,-0.4639199564965381,-0.6663720293577416,-0.9949238653131532,-0.3900358138758264,3.785046102075381
-0.7134102629101988,-1.0,-1.0,-0.4869668658330286,-0.49292787199758525,-0.2954076060677012,-3.3875785304125716
-0.15960182603549067,0.6976311816529557,0.5195236813559176,-0.3362572459474003,0.18284737319926347,-1.0,1.581319747210906
1.0,-0.23483714147484486,0.48547739144387386,-0.8064086937706074,0.8533627617229277,-0.3528171262115194,-1.389260263300935
-0.41497349279057194,-0.6479199417472328,-1.0,-1.0,0.857280200668551,1.0,4.274581731451208
0.12741728272231678,1.0,-0.20800271178876134,-0.32520285061433113,1.0,0.38356476711324694,2.552293961460631
0.21096386994115324,0.37774900227303004,-1.0,0.521001077546298,0.19463475116386708,0.02466509903978986,-1.0052738871709792
-0.07445086950873281,0.6531189528038877,-0.013900669853978198,0.3912389054041725,-0.535195998468973,-0.01159623229742122,0.0033849034022357984
-1.0,0.5720228696345767,-0.385160320970362,0.876957467982537,0.9734269279910027,0.11372891042428436,2.7555458660212535
0.202019302749735,1.0,0.7989622618923837,1.0,0.3363279093553383,0.7068254029559491,-3.1749571686105984
0.3858390549111921,0.9870260880907149,1.0,0.5418216731234935,1.0,-0.1929632763313902,-3.9535432648739874
-0.6415903976253885,-0.46979364964377557,-0.36803410778872014,-0.8615234293336518,-1.0,-0.5919877190276389,1.2116402409995704
-0.38292390101917256,-1.0,-1.0,-1.0,-0.28392514235415645,-0.31746922722277854,-2.6140448015557207
0.7411884563224989,0.3001861358592204,-1.0,-1.0,-0.5580358155807732,-0.3453795102496757,0.9722189740963604
-1.0,-0.5488385245285149,-1.0,-1.0,-0.43471110225824394,-0.8063347515070418,2.5836656318072544
-0.11617398604128043,0.08926063865579448,0.8979906617784378,0.10692036826129198,-1.0,-0.021433483951445148,-0.7288116229894406
-1.0,-1.0,-0.3538328502450907,-0.34634219122526855,0.37264166706139146,-0.5521568766724207,1.9895803799175629
0.16189125293901996,0.5851143688838695,0.01776995080164817,1.0,0.5386291724003686,0.7987437868818612,2.0739671179118515
-0.7961138636482318,-0.39629210449542707,1.0,-0.5088954093479011,-1.0,0.10252088068893361,-2.9063654032752773
0.12324020083336001,0.38735780457054725,0.2050184585248132,0.31428633947542295,-1.0,-1.0,2.553976650514788
-1.0,-0.5729028617957443,-0.7747539442687347,0.2454564739572831,-0.2486175852551753,-0.6033841524230668,0.2057056423497211
1.0,0.3417247800456742,0.4641100643877494,1.0,-0.7661585207132015,0.7600706273856302,2.896015474740714
1.0,1.0,1.0,0.10418655713982616,1.0,1.0,-5.681041803082091
0.05346220241296473,1.0,0.10779292781525218,1.0,1.0,0.23910037823919894,-1.9607233206294723
-1.0,-1.0,-0.5640865474062524,-0.3688496379578193,0.20873828023407748,-0.2406893340952332,-1.382622179780261
-1.0,-0.3984301487915566,-0.29301430516616134,-1.0,1.0,-0.8049731940071517,7.219160509287518
-0.1280480700941521,-0.7194395350990249,0.30152685253528577,-1.0,-1.0,-0.03906076685200599,3.8831890686987385
-0.35538375103701253,0.2802267883368115,0.5628762360558728,-1.0,-0.9038328689250996,-0.6439626263444584,0.6762789197484808
1.0,1.0,-0.03496259596812523,0.8201129642401432,-0.7989696474728811,-0.19230283686513516,5.284675436969167
-0.6656496912747254,-1.0,-0.6646567912026283,-0.08497939378180436,-1.0,-0.9672901022601573,0.4032596876212895
-0.62092943295699,-1.0,-0.031473565846712695,-0.2832629154595093,1.0,0.8176371872561434,2.0705249752745645
0.00998348691034967,0.7023585103158779,-0.04909975883579154,-1.0,0.1501630985203793,0.9164991572552348,3.9518936404406895
-1.0,-1.0,-0.2040952091071515,-0.9437899990426911,0.223825239030623,-0.35957991450496174,-0.36114439810903826
-0.48170018116465685,-1.0,-0.525192439988966,-0.5498704996979857,-0.38933845970919434,-0.3690252339403538,0.2512965908011243
-0.19895500934038357,-0.41181303131379193,-0.4122226186199431,-1.0,-1.0,-1.0,3.7228604005209003
1.0,1.0,1.0,-0.32080886095971556,-1.0,-0.5019269712485592,2.8611478312103693
-1.0,-1.0,0.5327457837164242,-1.0,-0.9352714865111034,-0.5125199169071086,4.893958133775552
0.8173666437594187,0.20451645351886705,0.4596202708204229,0.27748357204658114,0.5444041272641897,-1.0,2.420585865330015
-0.11160746991197401,0.3728317918615778,-1.0,-0.255575208260327,-0.9890854963034914,-1.0,-0.0867123949385688
-0.14468870727618438,0.1564358239219183,-0.5334231943142733,0.07287097710478596,-1.0,-0.42947152054912463,-1.1278442342435717
-0.34091681276035524,-0.6669272222467715,-1.0,-0.8300107975663686,0.45024483835562645,-1.0,4.404404460118168
-1.0,-0.749752259438913,1.0,-0.5653817707689648,-0.7825542795695902,0.5562217192716986,-3.7342905642145925
0.9160337735351214,0.16306522617430974,1.0,0.06168448596761145,-0.43438642867545807,0.17003817118685227,2.49197913392127
0.6597025424620175,1.0,1.0,0.34001292175820597,0.048740554465309116,0.8597567903525942,-3.933338062740852
0.3091761121243264,-0.05246586584661039,1.0,-0.4527429092805692,-0.46339545863878073,-0.3405602800791292,0.6928013320813738
-0.9354173653656934,-0.4762329273584895,-0.028273107979365553,0.5396635354935184,0.6177482055590187,0.5819054651740925,1.2232801830283113
-0.0885711582754436,-1.0,-0.7346148345855803,-0.6673221451926818,-0.5276391217199833,0.4613923409970993,-2.1271555606815777
0.9183319535772243,0.07094600646030114,1.0,1.0,-0.8230432945081135,-0.8700856056156273,5.5416929710419955
-1.0,-1.0,0.176209163600076,-0.4246904496780568,-0.311057349056284,-1.0,5.0171596871744795
1.0,1.0,0.4621294536447307,0.26373834361000825,-1.0,-0.19168878784369037,2.4943923555048317
0.2698027368961563,0.5732448245114548,-0.3306318360404228,-0.6978930178008318,-0.2004274734999706,0.4946286459918302,2.098790622757686
0.24118099594001863,1.0,0.989894397510729,-0.15289247500285175,-0.2064788874412773,0.8372827070962668,-1.8317497441620028
0.5788300283360305,-0.44320087918754225,-0.9835670642599885,-0.15732622869275803,0.7204858907213783,-0.48047157296407533,-1.2919686144132907
1.0,-0.9497334439665015,-0.8628957957814679,-0.7509682255327057,1.0,0.9139671645763958,-5.760304870402631
-1.0,-0.4515859375602376,-1.0,-1.0,-0.8721682273409045,-1.0,3.201282494893035
1.0,0.7140818987755411,0.07543886211214645,0.7835254805105416,1.0,0.18181355085570283,-2.2871789325383944
1.0,1.0,-0.28257328655887026,0.6737628626390577,0.1929240998274796,0.22207019405858752,-0.2625641229240102
-0.46406797307064235,-1.0,-0.7039541788642789,0.9312449683314593,-0.9482600527010563,-0.992897892062081,-1.1650014895536054
-0.09140908459507602,0.9343708368517093,-1.0,-1.0,0.9315594048927769,1.0,13.30151492059585
-0.19281789489981105,1.0,0.9403500656694624,-0.06402042704781463,0.4679749577777508,0.6716230779600459,-2.3633366074321636
-0.5098953766032279,-0.6723811860944897,-0.6166317402163477,-0.31766509719516844,1.0,1.0,4.77737564558799
-0.20010689561745745,-0.8800538208290744,-0.11458751257250832,-0.8986040404029658,-0.13853758609193212,0.9776757677851968,0.4326363876787026
-0.11245112149944747,-0.8369325758187542,-0.4066762404466667,-1.0,0.3096529666362573,0.5906404457243393,-1.8171345648149533
-0.7189636362215787,0.2528925449632885,-1.0,-0.9098329580249194,0.2789326463223121,1.0,7.4287305375191055
-0.9044262792287271,-0.2819675234377351,0.5712647847840399,-1.0,-0.5097787473214634,-0.674923526358823,1.0437581618536063
-0.15509057869679588,-1.0,-0.38763556726868686,-1.0,0.8781805949742689,-0.61885838799155,2.341595411785825
-0.09476771416732721,0.49311815804498993,-1.0,0.8960845343667421,-0.24147167124780047,0.14253525406046014,0.2802241519257014
-0.1517044044424753,-0.6905020149055989,-0.7983143935202222,-0.10231728500705328,-1.0,-0.8377351443300765,0.941486856691985
0.21705304997519814,0.5654274531687025,0.48461834137964266,0.4323055560209935,0.7818642227098778,1.0,2.0497062591530884
0.10013057506374567,0.7598130650147836,0.05057754204511866,-0.9916218853282874,-0.3722727925729958,1.0,5.753034567094755
-0.35157836913208795,-0.4826700743721919,0.2712520970482303,0.8390669057004124,0.33425845374891866,0.4592428705748853,0.39991385365179066
0.5955343203651395,1.0,-0.8789777682616533,1.0,-0.4984693678652814,-1.0,7.253377972015734
0.05487251182634578,0.3334752024252842,1.0,-1.0,-1.0,-0.2666324284196421,-0.570805998091966
-1.0,-1.0,-0.40876032684851454,-0.17397745424527067,-0.6399611277898505,0.7595504763115613,-2.97029329299712
-0.44271958802721967,-1.0,-1.0,-0.23259477074853185,0.24584345780475614,1.0,3.2328318277143966
-0.9069956458590425,0.35547132267590587,-1.0,-1.0,0.8471365395007118,1.0,9.971297904024178
0.10484336417995355,-0.5258322161072905,-0.9956370282048226,-0.06329372532203775,-0.5314132955516189,-0.49852640345128285,-0.5726581886838062
1.0,0.9607634208727851,0.3484264426494246,0.13336859778909071,-0.5726626440263076,0.0059917051428826085,0.38444436427387074
1.0,1.0,1.0,1.0,-0.3061757609237591,-0.6472370806014826,1.8858922441679755
0.8017146027239803,0.2821549748643759,0.04925430466557956,1.0,-1.0,-1.0,8.342473676356521
0.3800934995044094,0.1368113561890817,1.0,0.2644857009887227,-0.8324136800717236,0.2012833733345149,-0.30076855147233894
-0.6371819989816299,0.03365062312791195,0.4650138098384111,0.30244255667534076,0.42868367908852356,1.0,0.8933476513346272
-1.0,0.4567345909367208,0.11643101303985368,-1.0,-0.19889383975471667,-0.9525499726163816,-0.1567370868694934
1.0,0.9974704938004295,1.0,1.0,-1.0,-0.08158070488042679,5.833843441546667
0.9152912204026192,0.6972474055276544,-0.04893384106308879,0.9444297469397113,-0.667198194507643,0.627604128445519,3.774211347168165
-0.14435180233512912,-1.0,-0.7432064276215762,-0.492648690486536,-1.0,-1.0,2.8856110984566015
-0.018911943918734853,1.0,-0.5010934606162947,0.019434038142782994,-1.0,-0.8612195764701136,0.9831752667511593
-0.6255083394417622,0.742538171858496,0.8747425939166715,-0.33008485898987755,-0.020780162293565385,-1.0,0.7545599739474899
1.0,0.4788612730241298,0.35884873238230136,1.0,-0.6594352600105136,0.30928218116856054,2.835842640706873
1.0,1.0,1.0,0.5283546077219223,0.4118321063292,0.9132353875487702,-5.611538695193572
0.8150472176298169,0.7306519767789321,0.2795258305584927,-0.050488466115313435,0.9476370565970913,1.0,2.4429796963596715
0.3940568165339888,0.5217309813714656,0.24369963124280958,1.0,0.8637059144917238,1.0,2.74899032191298
-1.0,-1.0,-0.9859878481353452,-1.0,-0.8689464304095988,-0.1265790345421547,-4.102311731963176
1.0,0.16001488678825493,-0.09407637468891206,0.1747187142169434,1.0,-0.15281398190396822,-1.2938775321062772
-0.4133087250094672,-0.26707348117804086,-0.015260013786427107,0.01216887020034435,-0.22774877815124167,-0.6692402560534895,0.9339645334163303
0.009773248622162445,0.6891030541227428,0.6949521809159023,0.6982476656532304,-0.6682729670574654,-0.36423170845843417,0.4469904149043363
0.6024935426489468,-0.29131329313296983,-0.49394619342392543,-0.16541181793696735,-1.0,-0.03358031034955422,1.9904141479251654
-0.08752690756470999,0.2588777006409905,0.4609219748108915,0.35593261438704266,-0.3770515641649248,-0.2804786357432727,-0.739694371313045
1.0,0.014159698554208178,-0.4464135880706608,0.43562590806236934,-0.8660107507865326,0.015822499531155554,2.7084281384058366
-0.15365549422141433,-1.0,-1.0,-1.0,0.6654570494021832,0.6074164556066658,-4.47750431377057
0.6804314713750275,1.0,0.12028516576796688,-0.29297522612695726,0.5497984282902897,-0.9878870720590909,0.6234053120364631
0.9682881971687277,0.45012229278747135,0.4432390277541154,-0.6620777920750969,-0.3559512064166075,-0.12108438983005759,0.9031809684982468
0.30277862722888005,0.9182602678029386,1.0,0.9880583172929729,-0.9862615124223724,-1.0,3.974223352929009
0.37351330836584995,0.10332877663040618,-0.8603113353677452,1.0,0.06775692845128478,-0.6389659990673741,-1.687649467362876
0.15111269422309603,0.7239200532199173,0.00327360408311117,1.0,-0.4893769609191161,0.758386337179866,2.2161575751993907
0.18840968413660114,0.6922155277979753,-0.6831562182055281,-0.67623610982232,0.45889270757558664,1.0,6.489152655550687
-1.0,0.7942349743147963,-0.13591115563104772,0.18495076183059161,1.0,0.9562024897766834,7.6528650986216125
-0.40299657655569965,-0.3249685255016684,-0.17274295613744317,-0.2721314845319809,-0.3042701104039536,0.44790553635821406,-1.0152507269868898
-1.0,-0.6567534608889881,-1.0,-0.030830750722570743,0.31849766317380873,-0.7214621811635551,1.5006461732259357
0.5217379331267009,-0.5604184335699429,0.3022906328619372,-0.03149309269117945,-0.48107475523329,-1.0,5.3107911431495305
1.0,0.6181360201962576,1.0,0.8179487366222364,0.146377347336331,1.0,-3.821553839577539
0.16404992429443643,0.616135826664085,1.0,0.42374012470316835,-0.1296272324150715,-0.6483909051434823,0.08282740760328233
1.0,1.0,0.07277337978935772,1.0,-1.0,-0.7730154699232457,9.6330823623322
0.20815036285888938,-1.0,-0.024619116766101422,0.1855806550862454,-0.5344789671375323,-0.7485645550557835,1.5552573396342089
0.32582424903740514,-0.060173288932114294,-0.18376788833369737,-0.30723315761348596,1.0,-0.7052738960605411,-0.04351827685953635
-0.4057605990480082,-0.7117083266374808,-0.8410549214498649,-1.0,-1.0,-1.0,4.520915388185126
0.4017213655852181,0.2996378233735879,0.0856719691898502,1.0,0.520028566996168,0.5976019276584935,0.6356094044346086
-0.8502643101541217,-0.8238544593143202,-0.7886757390900081,-0.6877917801023405,-0.4786123587987672,1.0,1.565369768541757
0.06267117003205425,1.0,0.9276676359675808,-0.6965480293146744,1.0,0.6386663278809934,-0.8588187313985127
-0.7207381380948255,-1.0,0.2722823902421783,-0.9789380031085694,0.6367184577633208,0.9818502631484054,-0.9121543074917676
-0.567519654896878,-1.0,-0.16988567013225464,-0.5559804737483093,0.575376444824152,0.5173465965649372,-1.4307008961499676
-1.0,-1.0,-0.44841225624107106,-0.255681863984335,0.6434599899126933,-0.04509786754499087,-0.285362522055487
-1.0,-0.7219621724133826,0.20561186966231157,0.3516756767214602,-0.7648216384436697,-1.0,1.5467198706467233
-0.7067263403879909,-1.0,-0.7518848450629152,-0.13374795487999958,-1.0,-0.2980671041658528,-2.5003802987091537
-1.0,-1.0,-0.08469442846736808,-0.597259617110272,0.14338966846861223,0.6054059971179058,-1.5000438656651165
-0.21413746548054924,-1.0,-1.0,-0.28049285718109473,0.7632710905963085,1.0,2.675887448809116
-0.3716946876929976,-1.0,-0.3037158834596402,-0.0014103851832574232,-0.4574571097685117,-0.12217124654225031,-0.39106993463345285
-0.26629411808579617,0.11131594241664616,-0.15671107666780415,-0.7840790951679485,-0.5015362813608218,-0.989519230558243,1.3517929769066526
1.0,0.8636385996002518,1.0,0.10354876642128974,0.6773899102375482,1.0,-5.908516663612612
1.0,-0.220678501004826,0.915083742983046,0.7104681045692081,1.0,-0.28818081153308883,-3.798421082418721
-0.5651564318087248,-0.4719520241615175,-0.22951221897018212,1.0,-1.0,-0.9365523865867866,0.7609721755061015
-0.23920328448605674,-0.7536040365285395,-0.2359647873937032,-0.41900250730099886,0.5147953591560377,0.9012939724884277,1.5757574456284993
-0.15197020641434678,-1.0,-0.7235372222395271,-1.0,1.0,1.0,-0.261934509443262
1.0,1.0,0.0392208193631749,0.07278179588612588,1.0,1.0,3.1090983878247975
0.5828955938026119,1.0,-0.5214914394580823,0.9969225645530706,-0.11273189092035903,0.4369424465046946,2.514668452069437
1.0,1.0,1.0,0.7362807434945002,-1.0,-0.25639867345635536,3.5565961959274364
0.7106930230648824,-0.375492590988179,1.0,1.0,0.5963497305278984,1.0,-4.198748428499812
0.8010886432772546,1.0,-0.9668791001778692,0.8147092512278404,0.0349352788604691,-0.01999167027548114,1.9339259091698424
0.5395921546910653,0.009068734101987719,-0.05924687963830566,0.2808304987314813,0.1571011992634972,-0.31137024731125995,0.9600932372284526
-0.30383793010106525,1.0,1.0,0.23629077694137024,-0.11000991806595328,-1.0,-1.083587241277876
-1.0,-0.668270800863395,-0.28501694940573463,0.8916478097468439,0.01748396781855588,1.0,1.4322857073427273
-1.0,-0.51045219890241,-0.05222341631777505,-0.36423457702505435,0.42621274682132115,0.9139247976041981,2.385668880753272
-0.3684478594015585,-0.5385641239862089,0.6681676030083075,0.7722892346604474,1.0,0.8938584239805641,1.8292667700335192
-1.0,-0.6195514837033731,0.07225563803398849,-0.006053220109511037,0.5757192883381445,-0.27518745964561075,2.1373125605333962
0.4587154846400783,1.0,0.27745863577809815,0.03905176190729165,-0.46834006618393353,0.05533968667725453,0.8531138029395846
-0.3043749286363857,0.11983684103293224,-0.7594637994490727,-0.061226982975772226,0.33634213577010863,-0.9126485916847397,2.795782470682786
0.37700984383947056,0.8118397735326865,-0.6020925529430498,0.41058863963454273,0.9343881976915054,1.0,5.839631505950554
0.13598849016944942,-0.15355282298506556,-0.07651030292216177,-0.7922246592933508,-0.044608046897399,0.8197112158371165,1.2070789810836295
-0.24690344209468515,0.5988512636346137,-0.3110742372548445,1.0,-0.09377130397545375,0.16181652976591587,0.22595112549613966
-1.0,-1.0,-1.0,0.4978512285926986,0.08405931757595075,0.506349430318859,-2.655574347897951
1.0,0.0762355617274737,0.7954199481218813,1.0,-0.27520672765694865,-0.943172042754433,5.318766558331998
0.8012497364165421,-1.0,0.6270281832003318,0.047441638666484154,0.5655458376034639,-0.7637855022965594,3.9162635987125154
1.0,0.5287207574361428,0.5538509953072925,0.8883821296747973,0.45971170702292974,-1.0,2.619435745828096
0.03834548070274002,-0.5534098907419014,-0.5919826935632178,0.19199359995119092,0.37802711967378033,1.0,3.3023234421762373
1.0,1.0,0.7866920245657474,1.0,0.7096519358452936,0.017270041594783958,-5.41176588973179
-0.40513163834437804,0.055212044873921895,-0.35996222082983076,0.27862878661834956,-1.0,-1.0,0.10051859202510716
1.0,1.0,1.0,1.0,0.09489239779224445,0.9325442386787148,-6.02236783860274
1.0,0.10422839341511247,0.7932890771430776,-0.17708137637565013,1.0,1.0,-3.8141756637163433
1.0,1.0,-0.36192833251540946,0.17354548033994377,0.9654719190308592,-0.7975511229513563,-1.244845076033605
-0.4896842312493157,-1.0,0.7445556469609365,-0.9395762453280811,-1.0,0.3373541616316148,3.446284647334944
0.21829688686405002,1.0,0.6889106992450937,0.17678765590321732,0.09169656231488754,0.14619018928548422,-1.568970127986867
-0.0900926605611514,-1.0,-1.0,-0.8065825437432954,0.1546772283961701,-1.0,2.8104110138707967
0.624795975498511,1.0,0.3846200496513632,0.4427093932296512,-0.452635627403412,-0.04454553413036133,0.7144317343773552
1.0,1.0,0.7795433623785737,0.4526575514803918,-0.2842817761964771,0.09693259116454644,-0.9738674431184688
1.0,1.0,1.0,1.0,0.609894295322331,-0.1116600307547242,-5.128797180179591
-0.6645746622879833,-0.48022198057358867,-1.0,-1.0,0.0610600402735364,-0.7117351286734671,1.2205445163472384
0.09568126624202594,-0.888650822172742,1.0,0.1579743192150112,-0.7456352267943537,0.8051981774082089,0.2408109452959665
0.8218676004326921,0.8311208281452043,0.4057525607478365,0.91708595507469,-0.7850444592389281,-0.6466490987775976,5.207382453588115
0.12419908649937783,0.051644492159015565,0.5876900081757789,0.3148581377933165,-0.7008930078344424,0.7135932259685221,0.01783075833127562
-1.0,0.300975653035241,-1.0,-0.2871601770934679,1.0,0.9123467262782836,8.0592441854214
0.15643150945388906,0.18338412157530437,0.9354489516569854,-0.3763127389671551,-1.0,-0.21320538124084498,-0.5130088401607613
0.1098067266559497,-0.535429219768367,-0.01796731583141631,0.718992884468977,0.14388198886304937,1.0,4.000836697308305
1.0,-1.0,0.25458346941391197,1.0,1.0,1.0,2.1404821902915034
-1.0,-1.0,-1.0,-1.0,0.06403531362581061,-0.023704293699772117,-7.398213045760389
-0.11329901276465898,-0.15392605839031942,-0.35927813510480133,0.29015186248106356,-0.4489481688509477,-0.2054871835489258,-0.0036605766593647004
0.34067666069654495,0.39747528061277065,1.0,-0.3987673533607284,0.9203998885820681,0.15637094050182365,-2.762521428660611
-1.0,-0.8619303305575106,0.24170061317305033,-0.7542281352440896,-0.2223776055782491,-0.7673385519194525,2.348471424615528
-0.3459738706014898,-0.2145012963694319,-0.5416640280294391,0.017713422451689588,-0.09759379081741754,-0.7902253738023259,0.8622587949159941
0.8483965646416655,0.11751246313384436,1.0,0.11725816780210699,-0.6827823359069976,-0.9219722764897581,4.1359174631663675
1.0,-0.6096595504172354,-1.0,-0.45578523649214087,-1.0,-0.8426364101846837,6.814951275817092
0.7017723867186905,-0.23724035336609045,-0.20734662834211182,1.0,-1.0,0.20268938879129966,2.876226865317671
0.3383979947562664,0.07068417167313684,-1.0,0.21242945279938116,0.05903297444472755,-0.567657583869111,0.4137312953633435
-0.7676261716860411,-1.0,-0.9627263148065746,0.8977848298447291,1.0,-0.15995336097402035,-5.103059466753397
-0.28597366093050464,0.7400912774173299,-0.30838484336099264,0.3917904080940562,-1.0,-0.03965332578110625,-0.683760798855231
-0.4042079727921795,0.5578050167629907,0.3711578150140121,-0.31097364199612854,0.26227803389048054,-0.07979086674503,-0.030028492199902404
1.0,1.0,0.03397543294247807,1.0,-0.37954996841886135,-0.8727059667029525,6.341162037244135
0.3809112496373318,-0.5605014200438769,-0.9590405259418874,0.042134950103174695,-0.9003158492494124,0.843567092998933,4.307512734186238
1.0,0.35457222304431935,1.0,-0.8022079829189181,1.0,1.0,-4.079641388785181
-0.8706523298618913,-0.1960642168119467,-0.6000628818771813,1.0,0.8400851731333858,1.0,7.3965170935027755
1.0,1.0,1.0,1.0,1.0,-0.12189952280939043,-6.3439751607356945
-0.625546313627995,0.26838241005616714,1.0,0.5245995330438187,0.7778137449614648,1.0,0.8022310164671349
-1.0,-0.5978311532479916,-1.0,-0.4230692549070838,-1.0,1.0,2.469115881184185
-0.3080309655475945,0.37612011729598593,-0.17046528508511616,0.683350619747141,-0.12012531413883805,-1.0,2.428232736814409
-0.9365884535295217,-0.09804713906161511,-1.0,-0.13036309179420535,0.9888413945781094,-0.17009229674816886,-1.5382233869312052
0.06139184043709969,0.45256404751875257,0.602506611720603,1.0,-0.1692255849684874,-0.6192630251875997,1.0964950871142076
-0.008731538878384348,0.2861959816829456,0.9755904653147273,1.0,-1.0,0.3876743796413915,-1.7137287658914822
-0.08016019295473935,-0.18305820383030735,0.10554417008678357,0.03571113620553776,0.39863612610856614,-1.0,3.6816459902488634
-1.0,-1.0,-1.0,-0.08416539997101474,-0.2269593006098996,-0.412785177808888,-2.957739467972405
1.0,-0.3244053722913077,-1.0,-0.03197519549819072,0.7300315367701709,1.0,-0.491681976253058
-1.0,-1.0,-0.036153866767147935,-1.0,0.3521056418314921,-0.09538611465002718,-0.8908455058613352
-0.580527582384736,-0.23340119567978948,-0.0037557948047481915,-0.268054904140868,-1.0,0.3116838924129623,-2.115397994376808
0.0664068833241277,-0.3670195815306423,-0.031590844959816844,-0.9593103017592443,1.0,-0.5061133992593024,2.7804899490298074
0.21303365915673217,1.0,0.7673118339381391,0.9507396885587479,0.25594848623143845,0.511662671116766,-4.4389874866911025
-0.17761902940959962,-0.7867691832624526,0.5772932950225698,-1.0,0.6883807746955708,-0.18979692238754076,1.5300913911092087
1.0,0.0222689222584124,0.30164789249472157,1.0,0.6023493905356444,0.1238850061053326,-3.060909972719914
-0.014245466303977647,0.3474357590066093,0.0658598859267912,1.0,0.954360316491222,-0.7536403956790177,0.6634185139922525
0.32154200809643807,0.7823087545937601,-0.46868639308464566,-1.0,-0.8526107135597771,-0.26737471070512947,3.2982327024277573
0.716534849285823,0.8872305531573959,0.9156686998548171,1.0,-1.0,-1.0,6.201151874508938
0.3293324833891972,0.35440787317792233,-0.4210148873442978,-0.7876158838672048,0.959419919299432,-0.4249611544850671,-0.6644769289930605
1.0,0.7829225265851505,0.9074648182074587,1.0,0.6671043890989621,1.0,-5.318798883554595
-0.916537195971674,-0.0071249928705248156,-0.8729146276051443,-0.6613819848692972,0.6403045553036159,-0.22189428047976492,0.6365441431580472
0.9555795047816512,0.27668506253120395,0.20414573863536978,1.0,-0.08294330287886509,-0.32598594524665114,0.40307079245511923
-0.8595304837203778,0.8054995569846668,0.07181324799543798,-0.40154397903599176,0.020782033470982453,-0.09282115737318458,-0.2782853124330652
-0.1580357536783126,-0.24832305149812628,-0.025280854847441622,0.11385546628869248,-0.1529740745506925,0.35379491804327884,0.13347286649252765
0.2976600266403939,1.0,0.23101059452900508,0.9597214993733276,0.8972492433839543,1.0,0.9769891188158946
-0.5548001998934333,-0.8684620877180449,-0.8357035213120061,-1.0,0.9213955980255283,0.4418120188655179,-2.5289121935896013
-0.91891078359035,-0.017576346979596258,-0.13115793021423788,-1.0,-1.0,0.726504487719676,-0.06568888174774135
-1.0,-1.0,-0.9291682344570841,-0.3827009414348729,-1.0,-0.40265110912954916,-3.179325036884109
1.0,-1.0,-0.2962200177350255,-0.9051123232900014,1.0,0.1952540365403715,-2.995630402010646
0.6814421155084218,0.8408564200659258,1.0,-1.0,0.1167883892262283,0.3451545982811205,-2.2531349350272842
-0.12949355319463618,1.0,1.0,0.3326107069751185,-0.45914364536092794,0.12351273726975315,-2.7287675456347698
-0.00940056429210126,-0.008569804332650255,-0.266720044807328,-0.01641542686366454,1.0,0.21764144185596734,-0.8109949612842858
0.1582805993176442,-1.0,-0.1194714873626967,1.0,-0.9609276720630011,0.36224204026841744,4.0088053119714795
-0.10005301083326956,-1.0,-0.48836619232915846,0.5200662820113535,0.23878034374678447,-1.0,1.212789804884359
-0.11928393552986535,0.19540623865783818,1.0,1.0,-0.02927889633011449,0.2773450798430626,-2.1396781309559776
-1.0,-1.0,-0.5572409616405172,-1.0,0.8455048131124857,0.2981744456712666,-2.333110448572793
0.3591487857788972,0.7958864687336087,0.5585340434923459,0.6177446102024938,1.0,1.0,1.2262870353164925
-0.29562578166974113,0.9655477501676343,-0.24786939234933417,0.5757550305640218,1.0,0.627220298624948,3.0239866474220163
0.6042429376224965,1.0,0.7243439501194282,-0.32653799625278446,-0.9921588243331172,-0.6544295045410867,0.7882045991715158
-0.4708234497639325,0.29235495339949663,0.47899876735026764,-0.10366062647110985,0.3595262847595152,1.0,1.8819714725808734
-1.0,-0.18509786817882157,-1.0,-1.0,0.6141181537072001,0.5463896593682485,1.1635769400354072
1.0,-0.4219556242713038,0.6932641648845745,-0.9884982156715654,1.0,1.0,-4.384514828211791
0.4127740665789781,0.7149571922240452,0.5172939609899262,0.5205485773993128,0.365499043297577,-0.26716849093483275,0.0027230811591917314
-0.7016714505211579,-1.0,-0.7331936669168316,0.04690470206950015,-0.059505118018147396,-1.0,2.894254839226876
1.0,0.17739139017749034,-0.5484230130522767,0.22833081525880508,-0.5546822976563461,-0.8749269502797123,4.509524292847954
-0.35352761265987553,-0.12458078507254083,0.5762609213330083,-0.11142035005677475,-1.0,-0.30032335419216505,-0.7728582797687015
-1.0,-1.0,-0.4558198920891109,-1.0,-0.1456024487711851,0.5680435626136742,-4.448354030254091
-0.8003000592333449,-0.09192319820056577,-0.9765286356196397,0.117733651770147,-0.5861378155869219,0.04016661879453476,-1.6155478517802613
1.0,0.8042618494395612,1.0,1.0,1.0,1.0,-8.243164455898597
-0.229598469359136,-0.5724533041744537,0.9975220952698749,-0.7937762651789122,1.0,-0.12411259231159621,0.446339015143793
-0.3533246863061872,-0.9607512540087539,-1.0,-0.016798931086154087,0.6345018593624465,-1.0,3.3100876913303945
-0.38234215107584024,-0.7895853995570965,-0.5598071924493623,-0.40338522246194897,1.0,0.5570240121847769,-0.06959463134683197
0.08364525447437499,0.21946128161504408,0.9378405066796569,0.3417814582664779,0.3066562991151438,1.0,-0.7557613289452922
0.6787508850572973,-0.5313791484831596,-1.0,-0.5477424378892086,-0.25544862347988506,0.1214223326710464,0.4684788573033091
0.18287964495754722,0.12053995451690475,-1.0,-0.14853952413708127,0.07811857165372227,0.7382002259922602,3.080894094837041
1.0,-0.39319062613398936,-0.6058312698383813,1.0,-0.8622248991936543,-0.1748452686375907,3.568800199896456
0.695472260598127,0.951857472046356,0.12418821758563395,0.8129524559312478,-0.2723325978791473,-0.21688900868469396,2.5883567505196154
-0.9760517840504266,0.0974575918311773,-1.0,-0.23315982018138337,0.01212070432032375,0.8351627037835201,5.0177001768557385
-0.12387691542949586,-1.0,-0.9440639968010869,-1.0,0.7529703768435458,0.23490223138432564,-4.447780779427
-0.1916148556491841,1.0,0.5558429853690366,0.11279757812404975,-1.0,0.0025496375523613724,-3.0411084329239206
0.7614363640139923,0.30681098758698533,0.11362043720803983,1.0,0.2943270121433056,-0.07635155367010149,-0.1999165936859793
-1.0,-0.40612233932536324,-1.0,0.6323849438644994,0.3026414079052618,0.206259371255064,-0.7072368572307292
0.27552528775716056,0.5411903583664696,-1.0,0.6743286632366913,-0.10276160171569801,0.7023429778083146,2.9595881215568762
1.0,1.0,0.7081535954062848,0.6409114961443383,1.0,1.0,-4.3389803679168075
-0.898331024492349,0.09501684664641363,-1.0,0.644844180180683,0.6822425650516519,-0.0787525930818935,0.35515970621621695
-0.5666807656221227,-0.7085253054259792,-0.6163900455924312,0.543430452216606,1.0,1.0,6.487687469967447
0.20105462025230053,0.21353998065041452,0.06630624643288296,0.6550894969255927,-0.023602123715961487,0.6203576766773204,0.6533609944661026
0.5397320613515297,0.8488210993433449,1.0,0.22973809888105245,-1.0,0.18469548623715876,-0.6819964542398831
0.4494740214842794,0.27600410281673926,1.0,0.9548662464549427,0.04607788208335971,-0.9337160918777251,1.1530031795869817
0.32189975231317103,1.0,0.4448256430570674,1.0,0.24150754378322598,0.6439358413018506,-2.0021505110977253
0.2239569229028031,0.8779327647478754,0.2049397299323793,1.0,0.6910095735551561,0.6877454859320649,-0.680070779655807
0.26667412960030573,-0.9827289475414513,1.0,1.0,1.0,-0.016182016380774378,-1.247072470496957
-0.8451996938005377,0.9221880042805689,1.0,-0.6530684334969307,0.9392451969820674,0.16237885230109006,-2.479468509192673
0.06674923860103199,-0.953286256594912,-0.012052507234072918,1.0,-0.37103674274965837,0.1567227677936336,0.22447653934015532
1.0,0.7500328832275698,1.0,0.27739655859989076,-0.7625179056776069,-0.129509200410591,2.8245071738230205
-1.0,-1.0,-0.2517667111959496,-0.01445643182974976,-0.691963335756743,1.0,-1.147903663095579
-0.5093431620125286,-1.0,-0.9068969123046453,-1.0,0.35088169237679934,0.4710522921190383,-4.639393986096324
-0.6684982839417661,-0.1855533522623076,-0.11562607037388775,-0.36026600976566164,1.0,0.49225255612413366,1.1337407721281823
-0.5250866970709547,-0.6639469773323015,-1.0,-0.8302993010796511,-0.48246320790827923,0.0195567686561382,-1.9242542862099887
1.0,1.0,0.7151378994566924,0.6747925071535505,0.3877177892380775,0.5388033966085004,-5.092101421621845
1.0,1.0,1.0,0.515392817767951,0.6151825880169216,-0.3470152039203989,-3.958321951596322
0.7967802198321032,0.03369785992591745,1.0,0.12512669908482366,-0.4326478682708677,0.5695985539193442,0.5527051213939678
-0.4449528887665409,-1.0,0.6126596428957697,1.0,-1.0,-0.3333144406656667,2.547985626615424
-1.0,-0.4965498286380683,-1.0,-1.0,0.17930764962874413,-0.3547716460421009,-2.6278083914127635
-1.0,-0.33963244480226046,-0.7107830342276897,-0.36675695673014386,-0.8805048375228901,-1.0,0.44694408434225785
0.5069693539735207,1.0,1.0,1.0,-0.8229030806300981,-0.05875851678951027,1.0058091722125417
-1.0,-0.278453818868145,-0.1481792127286699,-1.0,-0.07921700714314361,-1.0,3.7617496765122294
-1.0,-0.7293472503638023,-0.34080289579230616,-0.5233277550857284,1.0,-0.5092274255455624,3.994915323303597
-0.9823672346386826,-1.0,-1.0,-1.0,-1.0,-1.0,3.9105937394594914
-0.5001597281124329,0.21946755848564248,0.7192520685698425,0.9065547150686899,-0.09050140487873325,-0.743406071618493,0.8925276211310298
-1.0,-1.0,-0.44928893438525985,0.7458034736767587,-0.019838406370399075,-0.7809234972749404,-0.03505112304807001
0.9435904474256109,1.0,0.7667238245847146,0.701763615885596,0.23872318176479412,0.18140582139016964,-2.820064927758206
-1.0,-0.38141456883964975,-0.03502248379759754,-0.2740467336856276,-0.5725851434052456,-0.7414992256376838,0.6195896882935652
-0.20196429578753616,-1.0,0.47590716601572114,-0.029480178655323597,-1.0,1.0,1.8097582151356484
-0.23678947621421853,0.6744234296910632,1.0,-0.05438786868524903,0.19845201732617068,0.9774294327549513,-1.1637461956397575
0.725348590079565,-0.534948584331624,-0.8964334017884754,0.7531772002110604,0.17416706096033419,-0.3365601147492179,-1.4174476993401375
-0.9095913102785753,-1.0,-0.8768268410374247,-1.0,-0.09988033369355143,-0.5227059882451023,-2.35485766519744
0.5361310613012793,-0.3456594386680155,0.3655582921808309,-0.5109211819454267,-0.3186746049919401,-0.4225277544460037,2.2066773507916237
-0.2776494967033649,-0.5880328644088052,1.0,1.0,0.11214800710393913,1.0,-2.317052106340843
-1.0,-1.0,0.3837390345227711,0.7820138200323417,1.0,-0.6337138854074985,2.9509852857367926
1.0,1.0,0.8294112747789624,0.018940565747774585,-0.259041601432336,-0.3554172022150619,-0.423139468999084
0.3487678147224108,-0.0049645752315623515,0.03681770236301557,0.5833889335224794,-0.46502125332361177,-1.0,4.7993954137032375
-0.2824531329042127,-0.7081220360533187,-0.8858688753073942,-1.0,-1.0,-1.0,4.372010940266029
0.44661190817443697,-0.4192823777599269,-0.7106375200763898,1.0,-1.0,0.24295285184639348,1.6221670520580629
-0.5501564731902795,-1.0,-0.42440472139673435,-1.0,0.8549071281435648,1.0,1.172346975537817
0.20937777229350973,-0.6694916218451339,-0.6852217914560276,0.6355444487594043,-0.24179670048265955,-1.0,2.0364887615931777
-0.033936009180396645,0.1596826804476857,-0.3952106594281711,1.0,-0.38826128757186673,-1.0,2.450523249638218
1.0,0.7781030240122045,0.2423646709483005,-1.0,0.8847265382926466,0.8517933600392615,2.03908087818159
-1.0,-1.0,-0.2255696836996175,-0.7525500467651934,-0.03853117108125037,-1.0,4.241679398168155
0.9065360401968198,-0.10235867673270405,0.5734352934958542,0.10437348501128846,-0.3751599718877141,-0.8462118491829151,4.346006740215837
0.1025212215747987,1.0,0.5532418754846111,1.0,-1.0,-0.10146531387759786,1.399699970774532
0.42979850216252635,0.5376317137683004,1.0,-0.7741045134078448,0.29851824249188047,-1.0,-0.7260613122469297
0.07267639043923754,0.4573031620288566,-0.8570885484292368,0.8338722597453347,0.9645091107220765,1.0,6.13543533694037
0.6590218276931215,-0.4958870803509891,-0.6370318933818541,-0.3205200632151052,-1.0,-0.6375832002323424,3.6873359410987923
-0.8594251129830655,-0.48779782162009067,-1.0,-1.0,0.194795688197144,1.0,3.296891125555455
1.0,1.0,0.4449342086347572,1.0,-1.0,0.43262793415894063,4.234001800779285
0.14505630424719296,-0.37529289674564165,1.0,-0.9022756342021353,-0.4887395359203788,0.45352425620149006,-1.7033672875607042
-0.47210742615840473,0.019372932272586352,-0.06730439247500761,0.1250146922620706,-1.0,-0.662689405858651,-0.9979192073719763
0.09188061331535291,0.11020966022470768,0.3033264167308102,0.3180443336572503,0.45128212029120657,0.9261957068835576,2.085714302828184
0.3607755317042627,0.7367244830869659,0.32750763159122287,1.0,-0.39946227636025466,-1.0,4.576685077682095
0.5039973640372217,0.7006629845791181,-0.049300955952180356,-0.11911141383259428,0.36752905234376226,-0.5511505555292485,-0.16640316890377715
1.0,0.3929697353472732,-0.508507830310276,0.07947058135624449,-0.024778616090792127,-1.0,2.4187702963330033
-0.1921013911159134,-1.0,-1.0,-0.7303561428783658,0.045401988555790695,-0.3375017843930651,-2.871072332078495
1.0,0.47130102525877127,1.0,0.748976444835858,-1.0,0.8936177940829968,3.1011701345034237
0.5998150596939376,0.22728811156938367,-0.052728347939922204,1.0,1.0,-0.3984842514271376,-0.6794493255167517
0.0763697377605137,1.0,0.002578899493980602,0.8972401467334632,-1.0,-1.0,5.514838240328222
-1.0,-1.0,-0.7116157523154851,-1.0,-0.9897217763383372,0.3004738315013629,-1.2721676368947654
-0.39843137362214553,1.0,0.9038848441575947,1.0,-0.012082351922090284,-1.0,-0.40112126183911173
-1.0,-1.0,-0.4175423589115055,-1.0,-1.0,-0.5229849461915859,2.7466987463060226
-1.0,-1.0,0.12383440461526204,-0.14340757229392573,1.0,0.0958565823787858,2.553060363544471
1.0,1.0,0.2624627822150263,1.0,-0.8336748691924573,-0.06668758871365643,4.654197862786618
-0.7252491302055302,-1.0,-1.0,-1.0,0.8836554111611273,1.0,-0.4987884033998813
-1.0,0.39950836931211164,-0.5518818601002347,-0.3122694695443738,0.5179311752730902,-0.3924193487061577,1.0186402914041082
-0.38594619289921345,-0.7964726266906192,0.34882750945357854,-0.4332848092703677,0.39276165555106435,1.0,0.7864060759269512
0.2411044072415005,0.8200275865453643,1.0,0.33193274938274375,1.0,1.0,-1.403239322282269
1.0,-0.08869405978429967,1.0,1.0,-0.06956378781240802,-1.0,3.674156620255921
0.055857422172542526,-0.23172576141562173,1.0,0.29674997391002056,0.4971170221668453,-0.5204800507857678,1.02024867240813
-0.10511043877556303,-0.46069398683990737,0.8516863224853016,-0.17989823561512686,0.15343325984973233,0.8409756081977953,-1.1999567345921156
0.8628340235541485,-0.20171765529866142,1.0,0.7192513951457642,0.30587675405394593,-1.0,2.169474028069573
-0.1953435504779479,0.3481480017832864,1.0,0.5772016204634973,-1.0,-0.9421837250271203,0.04032464966177961
1.0,0.2650788717914715,-1.0,1.0,-0.7100852483598517,-0.2495758566071795,3.0842806875254234
0.48534126441988656,-0.556926958467405,0.27187293125028295,-0.36227283530437027,-1.0,-1.0,6.690107507421846
-1.0,-1.0,-1.0,-1.0,1.0,-0.03058349805012492,-6.608994877050196
1.0,0.7847591827288831,0.15335082873399664,0.21896652357603386,1.0,0.5183691379535336,-1.9580354681494825
-1.0,-0.631076842872221,-0.9031042222652967,-1.0,-0.7066722544351057,-0.761098936735871,1.2022285845012826
0.5979947732576757,-0.13231256089212784,-0.9701440456595769,0.8160057363422248,-1.0,-1.0,2.9626815370427324
-0.4175649524546152,-1.0,0.055353719810327884,0.3063276128098613,-0.7969590839090811,0.3539343237722654,-0.6627679840503772
0.8437594231278539,-0.951069260485629,-0.6074118995129494,0.6006222434692339,0.12467445350217646,-1.0,0.900165018193861
1.0,0.9944242418227143,-0.5934123093349126,0.041328833287630914,-0.5176204451431469,1.0,8.465519496957862
0.011628354638677063,1.0,0.221084079875848,1.0,0.7073305076361781,1.0,0.9067750191671717
-0.5304768555021561,0.6201997756635456,0.4553944197965769,-0.6767971528595678,-1.0,-0.5651975593073424,-0.9708918603014463
0.5371788401133443,-0.5732632713439738,0.6314378706785336,-0.5617786171810082,0.4425937750760678,1.0,-0.9116326304846825
0.6789640616437964,0.06383483889139918,1.0,1.0,0.16430130753489547,0.1584479603364295,-1.9392861305744682
0.896600473503115,1.0,0.3463064737224365,1.0,0.610070192361063,-0.8691124942656182,0.7474491616231078
0.018662220086201886,-0.671520137529867,1.0,0.5795999960159235,-0.6160726376349319,-0.05243394798841672,0.5561552097030449
1.0,1.0,1.0,-0.49836231592949276,1.0,0.7670462079044374,-3.2538555094033286
-0.7090839396696723,-0.2611898143114506,-0.5422566749907813,0.8250780949585588,0.15663402470834376,0.8243391462584808,2.622548761838566
1.0,0.8174027191652289,0.9393830256936262,0.338014020023357,0.30945323774128997,1.0,-3.8787934569964855
-0.03047616355256788,-0.4227105771991657,-0.31709909295805105,-1.0,-0.2318780714098615,-0.4866992361291032,0.23676823215662546
0.10134698302622325,1.0,0.7589267934031203,-0.140579847980315,-0.5103655832138689,0.2686707306617573,-2.291790913449111
-1.0,-0.6815578677458023,-0.844498168053099,-1.0,-0.7269999714655544,-0.6339168842952227,0.9950478889452
1.0,-0.02067153243030395,1.0,0.34715030945370495,1.0,1.0,-6.588046495222438
1.0,0.27650348283175286,0.7365960913757945,1.0,1.0,0.742510537016788,-3.8351482802823584
1.0,0.552673254636995,0.8094574093073869,0.1106098539612953,1.0,-0.1593763583523522,-2.486438534556828
-1.0,-0.1592073174290245,-0.9964034429441978,-1.0,0.8485323663719626,-0.3933343339764192,0.20125431466041516
-0.2632851690404575,0.8943670868760787,0.7989178425785977,0.3594762466836705,-1.0,-0.572822200105574,-1.6187497698011608
0.4736974206535276,1.0,-1.0,1.0,-1.0,-0.4627317515323055,5.766023127327434
-1.0,-1.0,-0.06268917272500096,-1.0,-0.8821361493316784,-0.24730794960841984,2.3041246710191183
1.0,0.7515576095550602,0.10037758479241421,1.0,0.3047649053696352,0.2054408440222114,-0.5155948592138312
1.0,1.0,0.06084617461020603,1.0,0.7453566048512255,0.2770744567708051,-1.5729407847681016
-0.2741528524286032,-0.9946443672188601,0.4544241208774267,-0.5048637647371526,0.6810660804398269,-0.2604365950466815,1.7889462276068704
0.017622967951475735,0.8264085924570428,-0.7016642696775275,-0.7961696614205453,-0.8236650861863535,0.35071657753114827,2.54520322676409
0.11900844434643293,-1.0,-0.7272880330685902,-0.6771991773683768,0.5999538823959779,0.7352087935500007,-1.9602725883914056
-1.0,-0.11151126320753435,-1.0,-0.7053533844364247,-0.2638975731411155,-1.0,5.121030221484134
0.9192795125163338,1.0,0.7547368176049101,0.5791742922768599,-0.4806149811072078,-1.0,4.0201688858444555
-1.0,-0.085456195469229,-0.8434713678303785,-1.0,0.7155719195066977,1.0,6.496175262431121
0.3468237758131094,0.8860089539936264,0.4413523857459407,0.8137801548304435,-1.0,-1.0,5.03154180789423
-0.016375735919253787,-1.0,-0.3237422939916139,0.38160068344191156,0.28139059133907773,-1.0,1.3436575869151248
0.06290526960376555,0.2840030813227116,-1.0,-1.0,0.9810941996081712,0.36356441549241447,1.2676431936293033
0.09440404082190784,-0.18157217349747667,-0.2428922836782439,1.0,0.046616927747614306,-0.657519039500746,0.874320307487436
-0.5989095771472043,0.6945053544488295,0.0006033495316646875,-0.010920878332229211,-0.5157858652793008,-1.0,0.41519632232272285
0.2451462262205376,-1.0,-0.3094556537077373,-1.0,-0.3198604879183704,-1.0,6.8888084923685815
-0.8077541706413959,-0.15084627420109314,1.0,-0.6488755441018782,-0.5167051600263823,-0.34197829669949376,-0.2839124235106643
0.4159616426237376,0.7414516413481084,-0.4907413691580411,1.0,-0.17020802434490623,-0.508397713826759,1.6809896112286926
0.7664357902535612,1.0,-0.3443336768388723,-0.7987611129265796,0.646209996152906,0.36115388379257646,1.7374465458891084
0.07008411710578089,-0.14167334239399687,0.468775154400648,0.4839969217867941,-0.026218441506178414,1.0,0.6354589258550645
-0.938596395073398,0.37202817844331615,0.9409216065376452,-0.8537960423293274,0.3638147675770469,0.22353702065558878,-1.6362052366185014
-0.3993747263184564,-0.64260739125573,-0.9971071217483176,-1.0,-0.6113436609201679,-1.0,2.8741736494667465
0.2633002507537795,0.9492015122881488,1.0,0.8773305248974882,-0.3092984444283746,-0.004613629667630681,-2.0162853413074666
-0.6256800545549849,0.6826593106645242,0.238616879006893,-0.8259426909851391,-0.4661992495861025,-0.6003301705796587,-1.9286573595950918
0.9110730660361106,0.30382378705236307,0.3586793659142696,-0.0793227258192889,-1.0,-1.0,6.647981691108211
0.9110571193851765,-0.8984677411766103,-1.0,-0.43661856450155806,-0.28466421912301576,-1.0,4.426140578362123
-0.7875225759601004,-1.0,1.0,0.0989473004731179,-0.3224732743797243,-0.7455638840017564,5.333720765753693
0.735403813819038,0.4038091785579178,-1.0,-0.4673176730121795,1.0,0.5509070681126945,-1.1523638723000715
0.0691431233046601,0.06384984211175304,0.552054971035217,0.1792755554899761,-1.0,-0.0010304312463045306,-1.104469805313634
-0.3861255978000168,0.9805518934274536,-1.0,-1.0,0.8673154050752728,-0.24936247682182489,1.9534466266943191
-1.0,-1.0,-0.8178150950977621,-1.0,-0.5788506792029485,-1.0,3.3631091947766723
-0.7108649509520211,-0.8792845719511209,1.0,0.4114166865553692,-0.3141224518341484,-0.0729445107203851,1.40839300505862
1.0,1.0,0.5693082575828501,0.22143905579960066,1.0,0.35577005764530123,-3.683347308991577
0.8628349599956747,0.16587477297904307,0.8478134707162379,-0.6283484809171711,-0.31561319300556556,0.6314830906912055,0.30829631778689837
-1.0,-1.0,-0.6001361250150187,-0.9900729888899844,-0.16628570060872216,-1.0,3.340980439136659
0.29879240212390606,-0.2910141220422304,-0.5101573856190613,-0.3094973556248509,-0.1782953267497323,0.9126251281984002,4.037227407507357
-1.0,-1.0,-0.7250663428192934,-0.9723870813936637,-0.00400327106182341,-0.6024370016118443,-2.244109521897611
-0.049848607940470135,-0.8151170649426411,0.1486374175967322,-0.872402299516319,-0.23086912897679657,-0.005625796693106172,0.3228585303544715
-0.32840001047504386,-0.8228859446732066,-1.0,-1.0,0.10525094092787657,-0.22495470891144193,-2.5397613570337887
0.5845575288045141,0.11805142487584275,-0.7225052443205423,0.2192112961150906,-0.8614878912757484,0.589753430020439,2.7924311798757473
0.8810531705067675,-0.2907425628421056,-0.8238923315431057,-1.0,0.7729229073453526,0.40268516139431515,-2.6203469273787707
1.0,0.8053317285014676,1.0,1.0,0.9565005290947542,1.0,-8.388252125360198
-1.0,-1.0,-0.21439266178872374,-1.0,-1.0,0.8829421374355897,-0.3704596297152566
-0.5182267869621068,0.49536355138023763,-0.21920349744465517,-0.3582096859103599,0.5034734182369338,-1.0,3.259503599723859
-1.0,0.6957456582407011,-1.0,-1.0,-0.6952040701516436,-1.0,1.609068593790497
0.5105918216924543,0.3179197077584268,1.0,0.19667811114848566,-1.0,0.7013500097633035,0.03420788059017643
0.703246811261038,-0.18966543580837603,0.5827895506658387,-0.2586022619849353,1.0,1.0,-1.1972304726953464
1.0,1.0,0.3783225041036428,1.0,-0.36710253781078994,-1.0,8.090292433907942
0.00019614454826299976,-0.3407247827835568,-0.4666749216982842,-0.3237997553720886,-0.38057747522424606,-0.5729517321935179,-0.6161927567644427
-0.4771196516917197,-0.20429860921139378,-0.2676638119536094,0.15276958787010758,0.8710014319715869,1.0,5.5997361806001305
-1.0,-0.10303624731419159,-0.020785386453240573,-0.18794067865510083,0.4575090842563445,1.0,2.012227373218403
-0.7094913443237194,-1.0,-0.12886011073654569,-1.0,1.0,0.804371131376721,0.9198323194611305
-0.5190869692630614,-0.6186621938350096,0.0784777932089811,-1.0,0.7413075320673437,0.5766251884673304,0.8811338655786413
-0.8340461514690469,0.7341509308176631,1.0,0.874280437621378,0.05851711665968495,0.9873204257238108,-4.809532102468034
-0.09150650330940269,-0.8226151632371398,-1.0,-0.08437705585803262,1.0,-1.0,1.0433147231517144
-1.0,-1.0,-1.0,-1.0,-0.2402401018061393,-1.0,3.1644058952907037
1.0,0.7999428663469641,0.30304870837349995,1.0,0.32304140946916193,0.20533982670171486,-1.3769755396355494
0.6664663311859518,0.35948387956640204,-0.5332215217593093,-0.48197795417373523,-0.2381776353533696,-0.8593282504793325,1.6305042617860357
-0.17290073425217406,0.5790338477873536,-0.3201583628709527,0.03375403232976065,-0.11582240778762248,0.09129780772033597,-0.4078252735523241
0.45636536365972674,-1.0,0.04996491610622156,-0.3133625147916985,-1.0,-1.0,6.718815543600525
-0.4583497731437922,0.32921642064277423,-0.2938682203967513,-0.4017226326824316,-1.0,-0.02596174334493684,-1.2090100071925955
0.7687824504571571,-1.0,0.290080031533543,0.789170700911825,0.23733906868024468,0.6779742119312346,0.9144382625311068
0.5969073403709475,1.0,1.0,0.8415190645039876,-1.0,-1.0,3.8084265527100563
0.7466961010571169,0.07970926089455044,0.7046324785107976,1.0,0.31837456468409914,-0.46575405644091084,1.0667631292525959
1.0,-0.1778632332513017,0.5066701609696671,0.34493540014627927,-0.5680275944851769,-0.7945327034022245,5.582490856979073
1.0,0.06766671124373391,-0.41586599358018045,1.0,0.4203970013691724,0.1660862647944399,-1.4119158887443573
1.0,-0.3874407690927791,1.0,0.8224465831994091,-1.0,-1.0,8.779768349379008
-0.4097408717688219,-1.0,-0.2021940042406678,-1.0,-1.0,-0.47092427048560914,5.6516097635017255
-0.23375080340774507,-0.3955307089463997,1.0,1.0,0.6793677279643668,-0.598645016157847,-0.19147006723207832
1.0,1.0,0.6672669016156474,0.6413036882882625,0.6878160827869453,-0.8803589190239072,-0.5889557539370266
0.41668342516696,0.9832313720742341,0.4923134987365445,1.0,0.9621022039046425,0.039303950419085076,-2.327036790559671
-0.7956659245859068,-0.6673564226012036,-0.7713126823889308,-1.0,-0.5387800431009381,0.5077169098594064,-0.5346559402286519
-1.0,-1.0,-1.0,-0.04041093136662033,-1.0,0.9372003032347437,0.4876605660500585
0.8050061531575539,1.0,1.0,0.5165765625920382,0.3539839938599685,0.21376214128503346,-4.134933833085961
-0.8786648750848463,0.6049032097137287,0.7808123020504973,-0.11622143189811573,-1.0,-0.39966442145131403,-2.738867681985649
-0.8548880128491488,0.01910767520573231,-1.0,0.43177406821929054,1.0,0.40907120595691226,1.0131466632185642
-1.0,-1.0,-0.37051646352666745,-0.254233593882214,1.0,0.020196360884345205,1.2927859612449895
-0.6722131680769754,-1.0,-0.9986140311673009,-0.7178504626718285,1.0,-0.392276851125668,-4.021984884871552
-1.0,-0.9201090856559055,-0.3475906936335385,0.04198270366369672,-1.0,-0.26176208871990636,-1.2386622845047657
-0.0382856233536614,0.6014062594683321,1.0,-0.2521962826037695,-1.0,-1.0,-2.4125225098670997
0.6077474848521132,0.3547879800114684,1.0,0.5122651108008602,0.5047146270290701,1.0,-1.7208001727368802
0.9131731876979674,0.7470150891973586,0.11379277738567528,0.7798937748546209,-0.01277319751512418,0.5213371737973892,-0.07539659606119153
-0.844691703580141,-1.0,1.0,0.24042631904700001,-0.5563900859820707,-0.7057312334099074,2.7862931796018264
-0.6609899578394433,0.9677598198365571,0.6340116460471091,0.12600154939848562,-0.4802415363928798,0.2190854668340393,-2.8170957690313454
0.39604189363097164,0.7236817587976675,-0.35568085984028674,-0.21431495578429688,-1.0,-1.0,2.371108860422789
-1.0,-0.041748170452439615,-1.0,-1.0,-0.37808383709989646,-1.0,3.7561245395147647
0.9890213627870883,0.34088434383820176,0.8609727020766882,1.0,-0.9862362343470027,-0.5576518218049967,6.796627174170792
-0.8051448104066701,-1.0,-1.0,-0.008338934285097244,1.0,-1.0,2.32341804646027
-1.0,-1.0,-0.525900421136273,-0.17468563743327925,-0.27368457164048043,-0.9169696143330308,1.6889932785276234
-1.0,0.1236248313598966,0.6691042566487635,0.17619327482848457,1.0,1.0,2.0794389436810246
0.7737710267330786,0.6757218643990524,0.7833734764696036,1.0,0.2336572553134813,0.5000881156491671,-2.5539759848780035
0.775071206088477,0.9428666273446151,-1.0,-0.5253328885675962,0.8327676910909234,0.9804640836757572,6.258383780896649
-1.0,-1.0,-1.0,-0.37904005702597415,-1.0,-1.0,1.6177114689366414
-0.052706538943294357,-0.5314202682640302,-0.9519693208091276,-0.7726678451619919,-1.0,-0.0905818481134821,0.03011411072197806
0.06947973188268808,-0.28188580789940704,0.7479180596037012,-0.6596509368084431,-1.0,-0.8590613039648973,3.531188729023658
0.12398629018710228,-0.8364468154239693,-0.3040002171876657,0.12663808745899613,1.0,1.0,3.0853424180628424
-1.0,-1.0,-1.0,-0.028307144018575148,-1.0,0.3986659595489177,-5.801969393749264
-0.8727181611228116,-0.6307791877374973,-1.0,-1.0,-1.0,-0.23976638590031074,-0.5628303706189353
0.21895310782181962,-0.7944109915554889,0.7617054109796288,-0.23241086992587479,-1.0,-1.0,5.377965187037371
-0.9605657263961846,-1.0,-1.0,-0.08611858418805673,-1.0,-0.3492090384537909,-5.5032202351238535
-1.0,0.8908915909816494,0.3546481927373447,0.21620920704147406,0.2372705719006764,0.032716556819967435,-0.3790193440842101
-1.0,-0.8045169138737059,-1.0,-1.0,-1.0,-1.0,5.017158283495771
-1.0,-1.0,-0.1661156705292206,-0.750002415063705,1.0,0.113485167736609,2.018917052130732
-0.311090616474781,0.6691299821526144,0.1897881903288241,0.03174563085368909,-1.0,-0.3048179937013259,-1.0207505072501353
0.2048749752530583,-1.0,-0.3435147818612102,0.9347461111971691,-0.5025853467258468,-1.0,3.346654249854021
-0.8353222685029154,-0.7068004560832729,-1.0,-0.44704685020265283,1.0,0.9094658522216532,4.0006374912118625
-0.09208127746692574,-0.8033037768707928,0.05008642188001544,0.8341046227564772,-0.38203435410857467,-1.0,2.486448693995407
0.23970921950264712,0.726245222787685,-0.17509472470530363,-0.41039569353274435,-0.9761108822827375,-0.19034736850590694,0.9174399965490578
-1.0,0.47068243773646995,0.6477120839904811,-0.2746513058546294,1.0,0.022887902637661495,1.0422833603809003
-0.17393742010133828,0.18226223260831814,0.019152879344021892,0.09043931287693385,1.0,-0.3285550696746378,1.5631438027740305
-0.294579089287354,0.29442832670947305,1.0,0.4954386685469022,0.2836523608634937,0.05584213990666549,-0.6640781476747533
1.0,0.11863637958707196,0.7278496288898686,-0.5397268006491828,-1.0,-0.3172137369024626,4.152267805121657
-0.5822743381881698,-0.4077519311657176,-1.0,-0.5686262044619455,-0.39916762393793537,-0.0112136793707166,-0.3769753837601133
-1.0,-0.44821102333023743,-0.6467442105864434,-0.6060589533008814,-1.0,-1.0,1.0393368557771294
-1.0,-0.2382568229895849,1.0,-0.11657295222914132,-0.492414472482526,1.0,-4.9130304932552775
0.6456432319050738,0.41418521587546725,-0.4473455456734265,0.5137163836155189,0.4936258831951349,0.7407687366013562,0.8410769488950092
-0.6555468276007276,0.49512663283878183,0.5274651036329661,-0.5810541730964445,0.7054047069261092,-0.980743195573632,3.856179033778842
-0.036731122272208094,-0.4215633334735836,-0.2596020701693148,-0.24449397542146634,-1.0,-0.015983954525032096,0.14035393584582176
-0.7475018503014035,-1.0,-0.45508289206434854,-0.48311899544669556,0.23849335469606664,0.132179815872572,-0.97854299897229
-0.11860892429503123,0.42875545161226886,-1.0,-1.0,0.4955034557266693,-0.19116068328921187,-1.047945274905514
-0.24293264010372861,-1.0,-0.9942759483896937,-0.43331925527243165,-1.0,-1.0,1.4825924617798467
0.4959035409970495,-0.5340841262454996,-0.5624707879234201,1.0,0.8155564306594473,-1.0,-1.995591620380877
1.0,-0.534794167779175,0.2282342641532529,0.2352301146919168,-0.877987867159911,0.559356592307334,3.359450842847472
0.20343107174387415,1.0,-0.6592654405002536,-0.5836209063325026,0.6290033683821248,0.5036647841856624,3.181843587752294
-0.5150696391484474,-0.2916956685644476,-1.0,-0.5241984084581328,-1.0,-0.6022549836542589,-2.1369283172979507
1.0,-0.3754776367143974,0.39946276698329664,0.2768384772462763,-0.32665792869130694,1.0,2.529801920112359
1.0,1.0,0.11501620536551949,0.5553413994235674,0.7217102791973786,0.13528452098069801,-1.7890205645817827
-0.11741356330550207,1.0,0.29280953553260103,-0.926033769412464,-1.0,-0.8536217843204683,0.7503467510300712
-0.8789579781427225,-0.05881092395818521,-1.0,-0.9419221831427207,-0.5864309913432361,-1.0,2.858475965935091
1.0,0.3324558684421065,1.0,0.5381126955831164,1.0,0.24261478323458938,-4.358526730098232
-0.1270914658415121,-0.03910483366997941,-1.0,-1.0,-1.0,-0.0019108183575669013,-1.8932456252872458
-0.28735476484890576,-0.18996456884854945,1.0,0.024038427314149402,0.9358637077092381,-0.4843084729638086,-0.11523270422201437
0.8286588892718156,0.8498469819349851,0.07034373995606867,1.0,-0.606988251598892,-1.0,8.479636581555258
0.6133393689180356,0.2580867925536099,0.6119996549797966,-0.9866161797839977,-1.0,-0.5383651333245303,3.733905201411114
0.9426827923533484,0.2608397090707486,1.0,1.0,0.5922924226924111,0.6630276023881365,-5.14088935458334
1.0,1.0,1.0,0.21763802987798497,-0.43183821022613833,-0.32254818649370853,0.3450914202854882
-1.0,-0.6015471358423647,-0.9661141985703594,-0.5562471495875907,1.0,-0.7121891945193818,0.3205773797099566
0.0366383699737598,-0.7119882473065771,0.608276716411221,0.05877467037755829,-1.0,-0.8958517574605445,3.607340554702258
-1.0,-1.0,-0.548233970419675,-1.0,0.9399832666334126,0.6789455027636322,-1.1516625933317601
-1.0,0.31539761839915287,-1.0,-0.24543158148505984,-0.9862431098943728,-0.4545778364834144,-2.6998209055692133
-0.5456798701086433,0.6905585808771028,0.1906838523198661,1.0,-0.085589476165786,0.6343942945628517,-1.082716646036197
-1.0,0.33023686024292376,0.3949093763033041,0.7585004357264757,-1.0,-1.0,-0.662594335541768
0.8430134835109,-0.403326574501531,-0.6303611149538295,-0.7492952229680567,-1.0,-1.0,6.8614243049976755
0.22714305885618802,-1.0,-0.23637304796656378,-0.4221606352910886,-1.0,-0.21056657240983068,2.2910079376736894
-1.0,0.6193549565052016,1.0,0.7114760558882562,-0.2819110254902098,0.6524096270742252,-4.104669095535987
0.31770314447920023,1.0,-0.4782507004396867,-0.6072852060509744,-1.0,-0.03999603943258112,3.42684801033839
-1.0,-1.0,-1.0,-1.0,1.0,0.5425034819842165,-6.089220191869071
-1.0,0.6745699459604718,-0.4823098767664069,0.021772008204295895,1.0,0.3600343459799792,3.0786967778460705
0.18620375988492338,0.681049931627417,0.43571938344892214,1.0,1.0,-0.08717544328119203,-0.23098703105239582
-1.0,-0.9199566268711938,-1.0,0.03367376664645483,-0.2156466303170977,0.4872973121942113,-1.9891908072582725
0.7048531272467087,1.0,0.4616845530907775,0.9157155373601915,-0.7583626508317297,-0.5295718969654228,3.565012886732689
0.475595847978778,1.0,1.0,0.05568144221260041,0.28715842948105186,1.0,-2.9812158339045003
1.0,-0.4802686819167076,1.0,1.0,-0.36366811388687537,-1.0,5.021133315479519
0.06412398445769929,-0.034161921313626595,0.7960551954734754,0.9801799518917862,-0.925177605944838,0.9962468606322363,0.27687765253275853
-0.05549324284360507,0.5523338400589207,-1.0,-1.0,0.0025344855626707186,0.8486753243988358,5.64420726567021
-0.06739486011359186,-1.0,-1.0,-1.0,-0.1779011398858843,0.0044584514400533015,-3.2886947815182244
0.7120293347986631,0.3531266292055649,-1.0,-1.0,-0.35447067896581996,-0.2573970646304322,-0.5308173391881735
-0.04307082246759475,0.2761060256350608,0.44713286705455657,0.23818740193164206,0.39974606302920956,1.0,2.014909243303497
0.5731538543918008,0.035782284126737895,-0.34480423701021695,-0.9903451048189549,0.04142063092271814,-0.6592827125653459,1.1993305498694389
-1.0,0.16481953264599952,-1.0,-0.7981481934249951,1.0,1.0,9.27593054962683
-1.0,-1.0,-1.0,-1.0,1.0,0.20389692591962838,-7.052359997477531
-0.6468881566885976,-0.0115896432219173,-1.0,0.8395904840706737,0.8218089760775802,-0.21503768942902113,-1.751986044674106
-1.0,-1.0,-0.2513422609512248,-1.0,0.3318702362695477,1.0,-2.9271103136136487
-0.1403792256204377,-1.0,-0.18646103077589204,-1.0,-1.0,-0.7775340349524364,7.68481552048227
1.0,0.715351143193963,-0.000733398909651739,0.3033227387543119,-0.6166168375509284,-0.9101404507862696,5.1224075164927445
0.8798676962866632,-0.23525273229517296,-0.5456243407793805,-0.788141500486222,-1.0,-0.5153624650062014,5.11779778699689
1.0,0.5248484609318379,-0.28363282500635345,1.0,-1.0,-0.9440314824552545,8.25354469924995
0.15112351008453384,-0.8151269326281809,-0.2604000206530658,-1.0,-0.19888052882560428,0.011723258288656557,-0.10742922002190819
1.0,0.37163547639167116,0.17721912657900485,1.0,0.6513059072602715,0.36010394324869976,-1.8116550778315248
0.7396463120104284,0.40702676007226235,1.0,0.015189934625692736,-0.6484261664771498,-1.0,3.3984484059305786
0.8466629766638291,1.0,0.2523288307082966,0.10904229896917328,0.13954107006989847,0.8329522845843795,0.8518014019244903
1.0,1.0,0.34646235343695037,0.614443073292923,0.3851335617838745,0.17347466380696097,-1.3745106271931649
-0.010842528800193763,-0.9719960398874955,-1.0,0.26961211675979946,0.2936989162563143,-0.358307843951941,-2.383994115777927
1.0,1.0,1.0,0.10107552829483657,-0.24155518366332468,-0.03527490447875703,-0.891177925628458
-0.5498805169913354,-0.7792385750084398,-0.4417081578306741,-1.0,0.3108507838209442,-0.37808480644426723,-1.0605784979927624
0.8106989101266004,1.0,0.7190521779184949,0.17273975374072081,-1.0,0.7052699152680868,1.7610510784596465
0.46282126966939946,0.4948555540473225,0.26658685832032925,-0.7210555705963827,1.0,-0.43714671180217857,-0.3082232744669091
-0.03647881286583965,-0.15201179423498454,-0.3311401592316334,-0.47943544423866724,-1.0,-1.0,2.0643499620661174
1.0,0.3617630897400782,0.8296907686730975,1.0,1.0,1.0,-3.575620170085039
1.0,1.0,1.0,1.0,-1.0,-0.8391927870836258,7.894336252579956
-0.04992078183149706,0.02985524443715598,-0.8615222102183925,-0.140591467676912,-0.7448358409138117,-0.06287402127561267,-0.1113796602927849
0.4235386651431744,0.9598134602010602,0.5802291389037505,1.0,1.0,1.0,-0.23537737308183182
0.1867431788680765,0.330610811197308,0.5366383528518036,0.7514007045370823,-1.0,-0.9702505038352719,4.178166971327087
0.38726287108893204,0.8923472999234852,0.18776426251648737,0.5325945229679654,0.13994847259035645,0.27669124937653855,0.17817701083040843
0.1388004711920973,-0.8979482598232369,-0.09001088552727898,-0.1162401923272035,-0.061750688827007405,-1.0,4.809777965746079
1.0,0.9295217075184263,0.5082914548002817,0.9924869661520497,0.37605029490569436,-1.0,2.9304034717641567
1.0,1.0,1.0,1.0,0.9712722083907077,-0.35507778837835946,-7.308005140731288
0.8560914648888129,-0.03130466750109662,0.0639895776015523,0.20628459781772557,1.0,1.0,1.3805264709700908
0.2805022912305603,0.19151539813510954,0.8445586459154064,0.4119672315327557,-1.0,-1.0,1.819895433808873
-0.31277532753706405,-0.06137351443807548,0.33749395814158833,0.1887838398453609,-0.006860059606506708,-0.37207943748718275,0.551649611560523
-1.0,-1.0,-0.6408235592298772,0.05572040022966529,-0.6330070847887974,-1.0,0.892608632391567
0.8506225440414481,-0.5000249324633559,-0.4278528670213344,-1.0,-1.0,0.5188584938782318,6.209154890550893
-1.0,0.18877559836669922,0.6344321129271566,-1.0,1.0,-0.09384267436108473,3.6179634397563167
-0.2897616744927207,-1.0,-0.2642845191332821,-0.9365903667873166,-0.27623622365595923,0.38306321673983434,-0.9438810824567012
0.43169056781250925,1.0,0.409745632961682,0.8502175717016031,-0.4556765604000974,-0.4892384764945868,1.482689581544311
-0.2393335338047345,1.0,1.0,0.06430537926270197,-1.0,-0.7139823798488376,-3.6301114351333967
-0.18752099326169056,-0.8096143079639236,0.1973046055672738,-1.0,-1.0,-0.0009171140659924304,3.954807513511363
0.1764286997597584,1.0,0.3365232902463571,1.0,0.08322861655276471,-1.0,2.886151724614702
-1.0,-0.3311359110313452,0.07720004261908697,-1.0,-1.0,-1.0,1.356305271585407
0.7473545715843745,1.0,0.018758185788124826,0.26567476583850935,1.0,0.21649262618707388,0.5244071184771906
-0.10171831217376581,0.21240864117464958,0.8791308306526153,0.5849642966047855,-1.0,0.16245710975427863,-0.5869952268236872
-1.0,-1.0,-0.30053898878431595,-0.8944201095418503,-1.0,0.12250671412540953,0.5603636278528212
-0.5531197529064877,-1.0,-0.175949846126088,-1.0,-0.6425525421471914,0.1978481535682165,0.2735080726037977
-0.9614726141146334,0.3626124065762634,-0.3151667326023879,0.1820011780410666,0.18096564431499707,0.9362610220578567,1.9475959015272284
-0.5625525282740635,-0.7529375945095218,-0.9562781479430791,-0.18463913707632926,-1.0,0.07972723764904388,-3.7361599303450097
-0.5178336572275075,-0.06035869484722825,-0.22289256743789285,0.2320290495512428,0.6619293583791339,0.2130340180970905,1.3928257989582358
0.06750003544434269,0.7208536333867424,-0.2711252141794795,-0.06976748914332886,0.19413800554977667,-0.99580019203829,1.855866501514481
0.29862434869767496,0.4835786626497459,1.0,0.744019735277504,-0.45144255701835473,0.6784902980379893,-0.9795945600653003
-1.0,-0.14702812173006574,-0.6621638795748188,-0.09081096478799355,-1.0,-0.9760386882109611,-0.21444331999938038
-0.7767498413850752,0.7245893781791339,0.7994783108688183,0.8570956616793329,-0.07035104309704968,0.32347417544983226,-1.2496779053279485
0.9271121690836974,0.508647331610427,0.2841332488160361,1.0,-0.723158287209378,-1.0,7.986997891415084
0.47163558317727106,0.18549882807618545,0.8854090110516063,0.2978381494486799,-0.05746318078144627,-0.09472620889615795,-0.2559842999031297
0.0771041397901098,-0.5880592829179034,0.3305074616231142,1.0,-0.0536227980595873,1.0,1.8852799373551672
1.0,1.0,0.37497779585710256,0.944078141958131,0.8018583104688526,-0.17987795391933725,-3.342792769030732
-0.7550406651746677,-1.0,-1.0,-1.0,1.0,0.8769027207472919,-1.9732750098022123
0.28470219738571334,0.7984208832272288,0.49113217266443643,0.5531048478887617,-0.5907706874093388,0.40699700697110625,-0.14382006857137028
1.0,-0.20754945778657885,1.0,0.026601811853364188,0.3778368699722857,0.6310678322409058,-2.5773399265779355
0.5898790624177711,0.33672932101935815,-1.0,0.29789116746772315,-0.9406021246784946,-0.37245443410104206,1.8627430218454095
-0.8119863491857231,0.04176295441294109,-0.7714147310532381,-0.16791096550437312,0.4308912188934011,1.0,6.813850908237654
-0.31947013217549064,-1.0,-0.8564473770913147,-1.0,-1.0,-1.0,5.910008691272466
-1.0,-0.20949418381619367,-0.17395947312502558,-1.0,-0.4200027156747913,-0.24189859327683194,-0.8414291512229192
-0.3639104199469357,0.1728791257317035,0.553923808810835,1.0,0.7807272644047336,-1.0,2.0209809667710945
1.0,-0.014128600690437365,-1.0,-0.08815705902603299,-0.9540848881221862,-1.0,6.2855061539108235
-0.5078197975523384,0.22173311789481465,-0.20744346047629275,0.1947689306087046,-0.7498560726103911,-1.0,-0.30428561852153635
-0.4981602766670169,-0.7831652665693889,-0.5037610103299428,0.11198621599593295,-0.12196110454741205,1.0,3.360173126653767
0.5688823274051715,1.0,0.7127289495863567,1.0,1.0,0.030702076871629014,-4.024360100741959
-1.0,1.0,-0.15634925602732025,0.19294292804736476,-0.2893808209684472,-0.4403174805358036,-0.9699672507816374
1.0,1.0,1.0,1.0,1.0,0.2637406723757172,-8.825626519829964
-1.0,0.698227846200979,-1.0,-0.13397936034748484,0.6911694759962341,1.0,12.436619493503224
0.6672905195028083,-0.637769622473828,0.9092750294153072,0.8128639122274721,-1.0,0.4692267605492996,4.02939604541782
0.5180313583069573,-0.10231990868379415,-1.0,-0.06087831495831231,1.0,-0.11102419655456153,-2.14332361154719
-0.4342307520762321,0.4977712998446866,0.7570317172255641,0.2557255522003562,-0.9285722466103385,-0.42878092584191796,-1.4781974468620396
0.7700501559742703,1.0,-0.6169283024940568,-0.06108084772059186,-0.46111223238912724,-0.467255306681991,2.1282776156066063
-1.0,-0.8486997352202958,-0.6408887737875737,-0.16872263217905803,0.1299854453717031,-0.16958167002316507,-0.7998543817351518
-0.582074465738308,1.0,-0.3846716589068714,-0.1525642810509843,-1.0,-1.0,-0.8647123957722915
-0.3413648505644158,0.572409003393488,-0.6684954819677219,-0.07243749879874406,0.6759972822767119,-1.0,3.635958143647672
-0.4636944383872384,-0.47342150357176593,0.9073751816364959,0.38741745787417375,0.970727824186892,0.5173689536343571,0.52838109947992
-1.0,-1.0,-0.9660142906979431,-0.2816477053918256,-1.0,-0.5719475350926706,-3.698963208693715
1.0,0.05314861179493624,0.3378739495017893,0.8194723212230808,-1.0,-0.003372109471809326,3.2452952345891815
0.9162670424643783,0.6752454630238472,-0.1778437254527338,-1.0,0.2779360314677312,1.0,4.6729792054691535
0.9588142502742313,-0.4104500930066233,-0.1496377721891411,0.6454574598457552,-0.6002401875676706,1.0,5.347819702441868
-0.5577626545860295,-1.0,-0.37442278608001717,-1.0,-0.3185394178299976,-0.39588570237651854,-0.23449182805804974
-1.0,-0.5917171288344403,-0.21733420250894397,0.04922477028969774,-0.6571917244510527,0.5887487606551776,-2.6456714342222742
-0.8039863076575332,-0.07096802451484241,-0.279141822467625,0.1307892006615594,-0.12664210502000262,-0.6226817504471056,1.042980051326628
1.0,0.722976213186661,0.09552230914523285,1.0,-1.0,1.0,7.406923117176306
1.0,0.9344924752429871,0.3578033736674935,-0.0884852189302748,-0.36654186980902465,-0.43333802940739385,0.8813962356743719
0.20695092138978646,-0.04754577550982503,-0.8457041105520475,0.7723435346318166,-1.0,-0.9303107488174792,1.9538758053663887
-0.49768068268249216,-0.20952497779608395,0.9844701527054612,0.11225932304388087,-0.3657513654633481,-0.36806447475380644,0.1407612759309569
-0.33681815663627296,0.27042594669697656,-0.31444936538864093,1.0,-0.8109086321866367,-1.0,1.855119273197026
1.0,0.7486524386812154,1.0,-0.2736276378685186,1.0,-0.5851881084035877,-2.3704651986574947
-1.0,-0.6276886081620786,-0.5677434593285792,-0.17366285258581926,0.12760504208031082,-1.0,4.834784555712988
1.0,1.0,0.8308198226223644,0.09137107169838998,0.7971853178333409,-0.5477900986623415,-3.482813232741015
-1.0,-0.4139313364460562,0.23923009845512755,1.0,0.20827403156811952,-0.3104872204599478,0.037346375562850365
0.5297228645995844,1.0,-0.4250798749792109,0.06063382343749846,-1.0,-0.38366385924786583,2.0213033274481433
-0.5882260783782524,-1.0,0.5944258173098956,0.08430852518423076,-1.0,-1.0,3.2604996136160724
-0.126509673795288,-0.37417429238950933,1.0,-0.7214927333864243,-1.0,-0.17097311317148156,0.5956213495861375
0.16159891330290616,-0.11643660489649188,-0.8861907605372054,0.15420771582892465,-0.371090251954889,-0.5532560297148761,-0.0009440421949711841
-1.0,-0.11979136286179637,-0.1553915253551551,-0.503269230342898,0.20790610980324087,0.2264146779448545,0.8421719148051034
0.714359342707397,0.6889499246664909,1.0,0.1891157438629053,-1.0,-0.9048676513169804,3.1810244045665885
-0.8205911167881232,-0.6404177377720988,-0.015978767747939604,0.5113577886596892,-0.2754603346481401,1.0,0.04936541163325525
0.3154496467454552,0.2843233357268345,1.0,0.2940571042905523,0.9876703435509986,1.0,-1.766557820739124
0.08584605018119829,-0.19766837186085864,-1.0,-1.0,0.35331229582313806,0.39899700379376535,-0.8329676615669714
-1.0,-0.5820177306362493,-0.04924335335089314,-0.9358140001106522,-0.7441029984071172,-1.0,2.7378895918334614
0.7128365563047511,1.0,0.4624963681568933,0.08370812170911524,-1.0,-0.23092671958647415,1.28233759971241
-1.0,0.02460268655020159,-1.0,-1.0,1.0,0.523558767863995,2.6457234336869875
-0.22303910640389213,-1.0,0.11669425519306398,-0.05118955895808891,0.3220791378916781,-0.11725471821192579,0.5110315091787747
-0.09062968271006983,0.39524318805431136,-0.3263002134895825,1.0,-1.0,-0.773107967251564,1.3284972167919697
0.7823330495523653,-0.7102023260806409,-0.9357434741513155,-0.30943942098902627,1.0,1.0,-1.373108336253681
0.7371648919750158,0.8431647802295712,0.06403043688608911,0.5663828741671508,-0.35812129293233985,-0.5860944681611255,2.384784947714503
1.0,0.08115189909432963,0.4029932164463188,-0.03464978226015414,0.8749062418315909,1.0,-0.9716996848684881
-0.10888262988975128,-1.0,-0.7778885010113804,-0.7523400124786814,-0.5789518373848015,-0.6913645713390808,0.7246524978081634
-0.8925700816572215,-1.0,-0.34167863240184093,-0.8270054971930592,-1.0,-0.7362613993095908,3.195847908412347
0.3905205919001715,1.0,0.5088416880193476,0.032041239258990384,-0.7039989448030248,0.7877700464746176,0.4663942989312314
0.8182005810955157,0.5375791684900013,0.8733647796945583,-0.09477670747459549,1.0,0.2872496507811616,-3.5002302813062633
-0.5181506314378534,-1.0,-0.010170452880895187,-1.0,-1.0,-1.0,6.853709270152102
-0.8156477788786258,-1.0,-0.7398638689921181,-0.2682326178238901,0.09651723582602015,0.7795342359216431,-0.20708775063409757
0.969571851687959,1.0,0.3262021817387435,1.0,-0.40206522425099706,-0.7352483900022946,4.718346238197307
-0.8504387765221185,-0.49912982384803173,0.1397287583834167,-0.9291984646866174,-0.05499038495455781,1.0,-1.7632167861904544
-0.7085286173891426,-0.18228202000160565,-0.9092106516416953,-1.0,1.0,0.5087637983787683,1.7272266507364322
1.0,0.031977883489175074,1.0,0.2741818497547455,-0.9551750492762161,0.6115554019303442,3.5066307066950784
0.903466117940856,-0.0034240448912051247,1.0,-0.03800953683067437,-0.303849728407279,-0.5470646242274242,2.773412751776427
-0.00676212021222411,-0.12074751564429764,-1.0,-0.04164578457432366,1.0,0.5977751995699725,1.7996179674578412
1.0,-1.0,1.0,0.7423353890494586,-0.13730113732911142,-0.8540217343265615,7.156914774644624
-1.0,-1.0,-0.6360825866288169,-0.034245375681468015,-0.16610008160208878,0.4167318499866522,-2.4396309720531493
0.6985943615217909,1.0,-0.09385884701152464,0.025636997603256995,-1.0,1.0,8.165174974292963
-0.3501468747573447,-0.38472385522097974,0.39966951453809496,-0.5855653128519898,0.6314006060902511,0.7400293536103704,0.8876829201936561
0.49184578101015275,0.5670775429125943,0.6857877342601456,-0.3266416955894953,0.005224185334255255,0.25691488105321536,-0.64541207888405
-0.6039175630156053,-0.8135976898450492,-0.3209021846421628,-1.0,-0.1398976824727412,0.5810255276019776,-0.9805018309616336
-0.04763136596106278,-0.7427296893676578,-0.5543594470291211,0.9396523274217867,-0.9724910899891748,0.0689667785010889,0.17460562487069192
0.2925405051293572,1.0,-0.4744434117566555,-0.02785859318744721,-0.9811253783181083,0.12342626114738764,1.9013519427839083
0.19850984221481183,-1.0,-0.7771736364759024,-1.0,1.0,0.11878798137085056,-4.078769146398823
-0.4999423878655316,-0.9239668383382285,-0.7320410541201926,-0.9336355198516946,0.49232516828264594,1.0,-0.10454171972845985
-0.1659113572018082,-0.2499608838178597,0.3116396013118897,-0.7337572029430315,-1.0,-0.43455821859737176,1.068788818170113
-1.0,0.050878470637788276,0.501420282597038,-0.3112280681376717,-1.0,0.9755759693442501,-2.4083600318412315
-0.4400687825167149,-1.0,0.06867582317020876,-0.9875122598668765,-1.0,-0.9378726305805414,7.484478724054152
-1.0,-1.0,-0.05312710954797906,-0.13451332415429573,0.48478682702437237,0.1846702741381332,0.9694957721221109
1.0,1.0,1.0,1.0,1.0,-0.6918548794789752,-6.428041827571587
1.0,0.7420613382961114,1.0,1.0,0.8191085797754414,-0.5193232268165618,-2.972962587897056
-0.7177016026367075,0.5645692646859801,-1.0,0.11472808261536815,1.0,-1.0,4.4889238315157955
0.5352751321840522,-1.0,-0.7056294210866555,-0.7779995500325314,0.8829146153593952,0.7084324425013313,-4.051517108696307
0.5237358626441405,0.441857157446953,-0.37945503178915646,0.01016985694067074,1.0,0.6715677872056067,0.29472488631213506
1.0,0.4890711633376359,0.5769661053889925,1.0,-0.11136674454740143,0.2674544747803109,0.11011536200366395
1.0,0.4331773551879775,0.8870667760099771,-0.4851449439198595,1.0,-1.0,-1.3334343809186024
-1.0,-1.0,-1.0,-0.021403500940093245,-0.6124252227693383,-0.2699965034006697,-4.296673264704487
-0.411813402845421,-1.0,-1.0,-1.0,-0.9143041750481887,-0.9788777761625211,4.571914312872601
1.0,1.0,0.9083212147339668,1.0,1.0,-0.8675708229635984,-4.388943096354122
-1.0,0.6429609073267163,-0.47070793604428596,0.8390442603588435,-0.40331083715148797,-0.15324846109509233,-1.4170996172804258
-0.2739082577807199,-0.2721177351481572,-0.035030650588639745,-1.0,-0.9779079658492549,-1.0,4.011352760822806
-0.3075648200906482,-0.838817529549263,-0.15792802526008098,-0.34975263518278465,1.0,0.8357134767171138,1.5040518334502326
-0.0663351912933606,-1.0,-0.10009502193676939,-0.5054600760104164,-1.0,-0.8725928236728193,4.7459184675732935
-0.023748467258242076,-1.0,-0.7001023958302315,-0.7356719181242797,1.0,0.606054774824877,-1.60075120921503
-0.5940199495946101,0.879400502370117,1.0,0.9302686431890272,1.0,0.7083769886734606,-5.840752353702631
-0.8986321647465374,-1.0,-0.7170913874615621,-0.025550493109970596,-1.0,0.8916368026491159,-0.5596638078335715
-0.7493936839383946,-0.4918116446584646,-0.0527131479586489,-1.0,-1.0,-1.0,3.2753912823323508
-0.8207964473575882,-1.0,-0.3631683509049046,-0.6577331876455611,0.3848921562099511,0.3017171729095196,-1.2183393482770817
0.6518293180889979,0.8832024962702686,0.2725878046795709,0.7643553416569311,-0.2505732117197191,0.12937925394925798,0.9668931973691026
-1.0,-1.0,-0.9260648118379813,0.7406517833186194,-1.0,-0.7564806842634957,-3.9105046663294063
1.0,1.0,0.11804006699615255,0.48161822540010735,0.889461023143262,0.35605237646270926,-2.3593744845374407
0.08354815984061181,0.03595967080268847,-0.07903039350360042,-1.0,0.6847281580553779,-1.0,3.617416254144255
1.0,0.9681605948370409,0.3537412957067323,0.04409714626963543,-0.5866229918430304,0.8475000002882493,4.018520912006302
1.0,-0.6402029281946667,1.0,-0.05244660621160746,-1.0,-0.5160682598200331,8.630740500281155
-0.9295156217167411,-0.8336244254962616,-1.0,0.4410319778792899,0.5955622786632025,-1.0,3.6612544145954526
1.0,-1.0,0.8997676011819546,0.09897563871585646,0.9691070536202742,-1.0,1.555398341928576
1.0,0.44851716610230713,-0.0055951184301659684,-0.6980667943957081,-0.10885032944686923,-1.0,2.9577076006656067
0.2569421078781693,-1.0,-0.5606534014286054,-0.4210162882324952,-1.0,-0.8930342122030286,4.3348468057202405
-1.0,0.8605465216337671,1.0,-0.3987004620314262,1.0,-0.8879707114612398,-0.6332476643192337
-1.0,-0.8394792021572267,-1.0,-1.0,-1.0,-0.040620864379000476,-1.9856046801565024
1.0,0.4147838368583374,0.07717926152652166,1.0,1.0,0.813776812064372,-0.6381335197296932
-0.00763499566455339,-1.0,-1.0,0.4180458790382825,-0.0434924744918368,-0.7176289616006857,-0.8314964334737309
1.0,-0.9137481826727436,0.052999143075303956,-0.2974017697237644,0.41023249195121747,0.5833573039570166,-2.039279728474459
-1.0,-0.7009911172383252,-0.33736407854827544,-0.3474674758320756,-0.8141895328644149,-1.0,1.7841885745864705
1.0,0.8612597080285782,-0.03372234097720628,0.3652722011108369,1.0,1.0,1.3417177316192757
-0.0709381636909936,-0.06504165517120364,-1.0,-1.0,0.5139317094230124,-0.6773663036432002,-0.0032693051882337135
0.9263016332495848,1.0,0.5210353678554136,0.2740875281934305,-0.3090066981917281,0.3256975473339162,0.6011647658294424
-0.4277438339444758,-1.0,-1.0,-1.0,-0.7286400207788015,-0.7044728661431762,1.4869297837055515
-0.04106804554859886,0.055684732815559634,0.37126278010292646,0.14153698430427908,1.0,0.8617619891152031,1.3456807157300505
-0.17971805549098518,-0.3625861287831458,1.0,-0.40640588604848726,-1.0,-0.6830015514595301,0.042323832466656275
0.0622082065706219,-0.27841772714573265,1.0,1.0,-0.4518476278208048,1.0,-1.9409100797641745
-0.8043674390376325,-0.03434298610479525,-0.5979408885203528,0.16809068825602597,0.36109589672651254,0.6710258497711776,2.055499109962631
-0.5948930106976962,-1.0,-0.8372190939678081,-0.009274056028319544,0.16787673877924303,1.0,1.7928318657893751
-0.3649393911020485,-0.19518403380070543,-1.0,-0.9302720376571578,-0.499699168900851,0.04466035582911998,-0.44314379897896317
0.5458864452313515,-0.20067820528317343,-0.054711749047289204,0.9739693726665608,0.01700550928232092,-1.0,4.014274740605506
-0.6193763429783955,-1.0,-0.22320091812963408,-0.7243040425651024,-0.3128520462505921,-0.8173526382770309,2.593553020833521
1.0,0.5802149832366525,0.8798528683441631,0.5966019571131321,0.013855767818724218,1.0,-2.1852609636602995
0.2756262597967311,-0.6802358906679663,1.0,-1.0,-0.17511306494597104,1.0,-3.278351095430488
-1.0,-0.3330280587434038,-1.0,-0.3411684299044122,-1.0,-1.0,1.6168520786079599
1.0,1.0,1.0,-0.3506692658472499,-0.13278428320469293,1.0,-1.7370419644664465
-0.052732076983288245,-0.26544881916715757,0.5354898619706192,0.11915050747338463,0.696893750297272,0.7328878257841864,0.4463178239234754
-0.5956209984749149,-0.24484802861743238,-1.0,-0.913773004904135,1.0,0.8378317346499988,4.688585042277956
-0.09198345741519265,-0.7492972707408624,-1.0,-0.7082220389606394,-1.0,-0.5609942610629118,1.1833152787332262
0.6257137019709642,-0.5457435954930655,0.1523334378235012,-0.9237393261512973,1.0,-0.446261588751327,1.9608693001323532
-0.297375307734569,0.21770981130924816,1.0,0.7211272521102585,-0.22325277438370722,-1.0,2.439809396265849
0.5268599896833858,1.0,-0.6969987442125336,1.0,1.0,0.040120408622271064,-1.5237956544638616
0.9256186979568628,0.8327765134152127,0.05475107629532905,0.3060597699018581,-0.5114597728463587,-0.4576872595179832,1.9171336246827813
-0.9109041442122546,-0.5238668972844683,0.0586930128287346,-1.0,-1.0,-0.8384773618665818,2.7053120909027126
0.1270032290914855,-0.6646922629034544,-0.5428641559709682,-1.0,1.0,1.0,2.064255399618791
-0.09879902946906238,-0.588101045789922,-0.46072494067934744,0.23245357184534193,0.9120085336977748,0.49713816586160964,0.42039241064552735
1.0,0.16101513193100048,1.0,1.0,-1.0,0.5966667456607264,2.942163202051128
0.3478197987564281,-1.0,-0.143221380649925,0.23683042362104223,0.8569533999761462,0.2714446390948537,-1.0827065504816515
-0.6876843042537218,-0.8858508371761383,0.12558954266284994,-1.0,0.3021776130302227,-0.21457041112175784,0.5326132709876225
-0.43972603363226404,-0.6926383965198901,-1.0,0.08579330339423219,0.8826004558747946,-0.16187599143030817,-1.3248733625577598
0.890050174838052,0.041360913324865356,0.8724806609047863,0.21289942735507394,-0.8997462996496862,0.470332649513721,2.949128866586662
-1.0,-1.0,-0.37088561133530873,-1.0,0.7435915887763842,-0.4276309837470278,1.1787669629110846
-1.0,-1.0,0.4453825776569046,-0.041918376922789546,-0.06312975865070564,1.0,-0.8261641747067684
-0.6918837685536906,-1.0,-0.06321203135742476,0.7178989134600046,-0.08416101133323038,0.19326149893878647,-0.6425697903146916
0.6206672172493582,-0.2195402576547596,0.42525466747109875,0.46536918931063004,0.2245645036557632,0.20394713655715724,0.19255484918569266
0.9696321078629744,-0.3576201368865417,-0.4513986430166067,0.3637677119462424,0.30371539229365635,0.2506238386118401,-0.6946211631865387
-1.0,-0.9440250240304799,-0.19781876968200018,-0.5506679291965608,-0.5901629829674302,1.0,-1.938361841308008
1.0,0.6415588422797762,1.0,0.650469827481406,1.0,1.0,-7.686733300807202
-0.8189212805209742,-0.368527292079033,0.8319275084891096,-0.30450020407442285,0.6963185605618902,0.9051413061189633,-0.4983261454624807
-1.0,-0.9816666306241848,-1.0,-0.4549925718517429,-1.0,-1.0,1.1816890590579738
0.9554845685367156,-1.0,-1.0,-0.16486002286876852,0.3840227491842389,-0.677753543157932,-1.3931323178351487
-0.28201138134356535,-0.8087673091656742,-0.46921142600193366,-0.6949538787544851,-1.0,1.0,4.236620992700895
-0.2559184722627377,-0.47853196967406125,-0.06996041843695011,-0.019409703508807774,1.0,0.864638547593321,3.4620278232114536
-0.87907474588511,-1.0,-0.8073741991995673,-0.3177440588958226,-0.5324237486242674,0.336220589775329,-3.5926118199370567
0.3431814993544756,0.6241148987333409,-0.3747117968518245,0.5738917722652537,1.0,0.18438207291011377,0.1412291546367097
1.0,1.0,0.8205291472633867,0.8405844985847315,0.811864145666209,0.9055854115505689,-5.744186075860611
0.03573957125396665,0.13466460616040188,-0.2564752139844405,0.3377444620603055,1.0,1.0,5.510553527078364
-0.9113857744453968,-1.0,-1.0,-1.0,0.3384305565634591,1.0,-1.9635394806058448
-0.6581824829427665,-1.0,-1.0,-1.0,1.0,0.33247532390191403,-4.389947978197807
0.2586966616286367,-0.9749615755811767,-1.0,-1.0,-1.0,-0.06366646551279775,3.28953230074733
0.0726593143922995,0.6342408480565735,-0.8815260376510357,-0.669555078373963,-0.6880324661963846,-1.0,1.1243922811907334
-0.07401411184587325,-0.9924927440966006,-1.0,-0.09658745632869603,-0.23350545902650555,0.12456493489344261,-2.2740757682643635
-0.05232000324132896,-0.0035698374976513847,0.5669945081443476,0.4405912933926124,0.9855350067326853,1.0,1.6112790370495809
-0.48794210517127784,0.5601990633299122,-0.038101640068210596,-0.28290143307191873,0.8661451272280041,-0.09402653710257183,1.075186432792648
1.0,0.672451370699346,0.18850563381426577,0.38997835757351396,0.32488408459755336,1.0,1.7214873958229537
-0.18834810056328588,-1.0,-1.0,0.23179015872066988,-1.0,-1.0,-0.1640356177319382
0.018207072672426328,1.0,0.7435763919609307,1.0,1.0,-1.0,-3.1328903229134824
-1.0,-0.8094952393689343,-1.0,-1.0,1.0,1.0,0.7702481832698304
-0.26869359288989725,0.7874960660111098,-0.28558175942829234,0.1821112023394486,0.29230470437057576,0.45344950417029284,1.8026537113265393
1.0,1.0,-0.3635712975988684,1.0,-1.0,-0.06614085107138931,7.186695230536399
0.25646315977010964,-1.0,-0.39644346249983264,0.7192649373963311,-1.0,-1.0,2.7358156182775315
1.0,0.12189294683456064,0.3872792398973727,1.0,1.0,1.0,-0.98102511415888
-0.8620144986847419,0.4344166562995098,1.0,-1.0,-0.20163773605144497,0.5567936622570124,-3.207357988252553
0.3625122028266401,0.6316407701405029,1.0,1.0,0.23320908820624942,-0.45250307593614514,-0.6704363930101733
-0.3553788392829791,0.2378091478648439,0.12907590759764748,-0.7618873626690058,0.04054922790266868,1.0,1.695130032338659
-0.8770032529114195,-1.0,-0.18119780744542224,-1.0,0.4654572694324849,0.3040078158393875,-2.09238560157857
1.0,1.0,0.7292917302802813,1.0,-0.49459698987443984,-0.12577545120245393,1.7424343984957051
-0.447872479374306,1.0,-1.0,0.5790490967950002,-0.7251457081716374,-0.3791253281363125,2.139567764994495
0.3721921492167988,-0.9984021996511415,0.10590037081047884,-0.15162706642956408,-0.16301726077020917,1.0,1.9701513308110952
1.0,1.0,0.9811725566913688,1.0,-0.6050009450817841,-0.6512588909931807,5.00866367218224
-0.3054384479161216,0.6971914914613522,0.07884070523149225,0.7704783916874969,1.0,1.0,5.859701399722979
0.6837569778765811,-1.0,0.15155634132698104,-0.4932086108953395,1.0,0.013614956500097919,-0.8851845094865245
0.6630377134183703,-0.5283875887449753,0.8561027441984824,-0.669623602711042,-0.8050218355623961,-0.08073361233058407,2.867775141681841
1.0,1.0,-0.4063565439196114,-0.43348871940580025,0.11849577230608888,0.057947061233296196,1.8018897474927908
-1.0,-0.13936823865250547,-1.0,-0.9194369898950848,-0.2280952181242797,-0.5738107307438559,-0.9976068669384411
0.10284012998263048,1.0,0.780447708066518,0.4970999287827098,1.0,1.0,0.3837120894343561
0.1466620582066709,0.15385587509332344,1.0,1.0,-0.06863215060222473,-1.0,1.0448092621982163
-1.0,-1.0,-1.0,-0.9202433975046218,0.7517135599215267,0.918178925143317,-3.109253429761006
0.10068139467658821,-0.8893209253043206,0.32431223149210847,-1.0,-0.49634706432327913,-0.46666693876313325,3.7549666698914588
0.7103194417566621,-0.4937582823674851,0.21467180131071706,-0.008191408677977408,-1.0,-0.42944320121586765,3.2215092231322964
0.24029940767469404,0.9555779719914734,0.5830577220628247,0.45349115888234515,1.0,1.0,1.8135898393038978
-0.971368785018844,0.8641060244640412,-1.0,-1.0,-1.0,-0.35383401799446756,-0.16453556624035012
-1.0,-0.5508538702097219,-1.0,-1.0,0.8012315194120395,-0.762806315171326,1.6865815998567404
0.3756827480715623,1.0,0.8168567644410742,1.0,0.19669020584275693,-0.5609795627658877,-1.616729922178476
-0.2853684006325642,-0.5684149090703894,-0.5443235336464899,0.7407201569933665,0.4282154115631004,-0.042007934454974805,-0.024058875330609186
-1.0,-1.0,0.9925926334479224,0.7709331094201848,-0.007938718690597257,1.0,-1.1898369833392402
0.10972538511982899,-1.0,0.04675963358559376,-0.2891585523861666,-1.0,-0.01383243064849049,2.417549759944221
1.0,0.8021065164916578,1.0,1.0,-0.2643230933021991,0.47491036063977676,-1.95136005470544
-1.0,-0.15304824066505907,-0.4077797676315469,-1.0,0.03020113045211259,-0.9696610819067941,3.5353855536005665
-1.0,-0.9783121043319347,-0.7270083565323366,-0.5201299941819375,1.0,1.0,2.4723577734095343
-0.28951844612038136,-0.5002191896263554,-0.3533401840839956,-1.0,-0.9430784576726264,-0.20511931157925534,0.903133267163152
0.08159391610310407,-1.0,0.3706685681849158,-0.18800378699864773,-0.5768251626956644,-0.8750520429981228,4.999870700916838
1.0,1.0,0.3188894653473213,1.0,-1.0,0.15902282750988145,5.092831479589717
-1.0,-1.0,-1.0,-1.0,0.42512887237169505,-0.3756374894402116,-6.831831462553057
1.0,0.0656858424042106,0.26647529992291386,1.0,0.08036687602647719,1.0,2.3370090262569603
-1.0,-0.34526000462322703,-0.6970789880693689,-1.0,-0.37823951426684577,-1.0,3.3744136915829617
-0.6943884111455965,0.6247287854946552,1.0,1.0,0.2065118972950919,1.0,-4.117164720133578
-0.9476045471174094,-0.13448172528583957,0.5486179849524315,-0.07008467966429804,0.2589545512761706,1.0,-0.000564755172025394
-0.8193973572910278,-0.645935662287416,-0.1723388398486938,-0.2544728158725118,-0.946052962708942,-1.0,0.13005103947108898
-0.7303602862576506,0.962687908374672,-0.40748194616832817,0.003042406662669528,-0.16549216367419417,0.49181336262504494,3.1216489364527757
-0.26570654330358656,0.3464383958354022,-0.06969538041480328,0.1108996831058271,-0.8848661257160981,-1.0,-0.09040362137928704
0.31262093614943987,1.0,-0.6801602755997895,0.27172117644745253,0.9762538080559551,-0.7294871126190527,0.8555339412264585
0.5818743857871458,0.5629775246535211,-0.028752986058202534,0.723103555240455,0.5670521989477435,-0.4024245411923616,-0.25499640954588754
-1.0,-1.0,-0.8464418038753618,-0.6299144443075497,-0.4247659502182418,0.4213850276310903,-4.016567941939918
1.0,0.8227540523799499,-0.389040537246939,1.0,0.6016124352793266,0.5074829651938135,-2.070716146866481
0.7739775829815325,1.0,0.40606373454444245,0.40660285525866335,-0.05906151943345472,-0.04777630250570327,-0.6570825257588535
-0.4784976956202377,-1.0,-0.05505715160180408,0.31639516657111766,-0.16330367140733942,0.9505391213599297,2.2163825996635103
0.11844180645619262,1.0,0.5682844880253698,1.0,-1.0,-0.6295158320727007,3.269396468287381
-1.0,0.07017898761372843,-0.6558698386716538,-0.38740378082500415,-1.0,-1.0,-0.2048520522424535
1.0,0.8352306394004427,0.2255019783976272,0.10359096416937708,-0.2625028244160874,-1.0,4.537347844642397
